country_code,country_name,region,sub_region,intermediate_region,income_group,organization_name,is_aggregate
ABW,Aruba,AMERICAS,LATIN AMERICA AND THE CARIBBEAN,CARIBBEAN,INGRESO ALTO,,False
AFG,Afghanistan,ASIA,SOUTHERN ASIA,NO DATA,PAÍSES DE INGRESO BAJO,,False
AGO,Angola,AFRICA,SUB-SAHARAN AFRICA,MIDDLE AFRICA,PAÍSES DE INGRESO MEDIANO BAJO,,False
ALB,Albania,EUROPE,SOUTHERN EUROPE,NO DATA,INGRESO MEDIANO ALTO,,False
AND,Andorra,EUROPE,SOUTHERN EUROPE,NO DATA,INGRESO ALTO,,False
ARE,United Arab Emirates,ASIA,WESTERN ASIA,NO DATA,INGRESO ALTO,,False
ARG,Argentina,AMERICAS,LATIN AMERICA AND THE CARIBBEAN,SOUTH AMERICA,INGRESO MEDIANO ALTO,,False
ARM,Armenia,ASIA,WESTERN ASIA,NO DATA,INGRESO MEDIANO ALTO,,False
ASM,American Samoa,OCEANIA,POLYNESIA,NO DATA,INGRESO ALTO,,False
ATG,Antigua And Barbuda,AMERICAS,LATIN AMERICA AND THE CARIBBEAN,CARIBBEAN,INGRESO ALTO,,False
AUS,Australia,OCEANIA,AUSTRALIA AND NEW ZEALAND,NO DATA,INGRESO ALTO,,False
AUT,Austria,EUROPE,WESTERN EUROPE,NO DATA,INGRESO ALTO,,False
AZE,Azerbaijan,ASIA,WESTERN ASIA,NO DATA,INGRESO MEDIANO ALTO,,False
BDI,Burundi,AFRICA,SUB-SAHARAN AFRICA,EASTERN AFRICA,PAÍSES DE INGRESO BAJO,,False
BEL,Belgium,EUROPE,WESTERN EUROPE,NO DATA,INGRESO ALTO,,False
BEN,Benin,AFRICA,SUB-SAHARAN AFRICA,WESTERN AFRICA,PAÍSES DE INGRESO MEDIANO BAJO,,False
BFA,Burkina Faso,AFRICA,SUB-SAHARAN AFRICA,WESTERN AFRICA,PAÍSES DE INGRESO BAJO,,False
BGD,Bangladesh,ASIA,SOUTHERN ASIA,NO DATA,PAÍSES DE INGRESO MEDIANO BAJO,,False
BGR,Bulgaria,EUROPE,EASTERN EUROPE,NO DATA,INGRESO ALTO,,False
BHR,Bahrain,ASIA,WESTERN ASIA,NO DATA,INGRESO ALTO,,False
BHS,Bahamas,AMERICAS,LATIN AMERICA AND THE CARIBBEAN,CARIBBEAN,INGRESO ALTO,,False
BIH,Bosnia And Herzegovina,EUROPE,SOUTHERN EUROPE,NO DATA,INGRESO MEDIANO ALTO,,False
BLR,Belarus,EUROPE,EASTERN EUROPE,NO DATA,INGRESO MEDIANO ALTO,,False
BLZ,Belize,AMERICAS,LATIN AMERICA AND THE CARIBBEAN,CENTRAL AMERICA,INGRESO MEDIANO ALTO,,False
BMU,Bermuda,AMERICAS,NORTHERN AMERICA,NO DATA,INGRESO ALTO,,False
BOL,Bolivia (Plurinational State Of),AMERICAS,LATIN AMERICA AND THE CARIBBEAN,SOUTH AMERICA,PAÍSES DE INGRESO MEDIANO BAJO,,False
BRA,Brazil,AMERICAS,LATIN AMERICA AND THE CARIBBEAN,SOUTH AMERICA,INGRESO MEDIANO ALTO,,False
BRB,Barbados,AMERICAS,LATIN AMERICA AND THE CARIBBEAN,CARIBBEAN,INGRESO ALTO,,False
BRN,Brunei Darussalam,ASIA,SOUTH-EASTERN ASIA,NO DATA,INGRESO ALTO,,False
BTN,Bhutan,ASIA,SOUTHERN ASIA,NO DATA,PAÍSES DE INGRESO MEDIANO BAJO,,False
BWA,Botswana,AFRICA,SUB-SAHARAN AFRICA,SOUTHERN AFRICA,INGRESO MEDIANO ALTO,,False
CAF,Central African Republic,AFRICA,SUB-SAHARAN AFRICA,MIDDLE AFRICA,PAÍSES DE INGRESO BAJO,,False
CAN,Canada,AMERICAS,NORTHERN AMERICA,NO DATA,INGRESO ALTO,,False
CHE,Switzerland,EUROPE,WESTERN EUROPE,NO DATA,INGRESO ALTO,,False
CHL,Chile,AMERICAS,LATIN AMERICA AND THE CARIBBEAN,SOUTH AMERICA,INGRESO ALTO,,False
CHN,China,ASIA,EASTERN ASIA,NO DATA,INGRESO MEDIANO ALTO,,False
CIV,Côte D'Ivoire,AFRICA,SUB-SAHARAN AFRICA,WESTERN AFRICA,PAÍSES DE INGRESO MEDIANO BAJO,,False
CMR,Cameroon,AFRICA,SUB-SAHARAN AFRICA,MIDDLE AFRICA,PAÍSES DE INGRESO MEDIANO BAJO,,False
COD,"Congo, Democratic Republic Of The",AFRICA,SUB-SAHARAN AFRICA,MIDDLE AFRICA,PAÍSES DE INGRESO BAJO,,False
COG,Congo,AFRICA,SUB-SAHARAN AFRICA,MIDDLE AFRICA,PAÍSES DE INGRESO MEDIANO BAJO,,False
COL,Colombia,AMERICAS,LATIN AMERICA AND THE CARIBBEAN,SOUTH AMERICA,INGRESO MEDIANO ALTO,,False
COM,Comoros,AFRICA,SUB-SAHARAN AFRICA,EASTERN AFRICA,PAÍSES DE INGRESO MEDIANO BAJO,,False
CPV,Cabo Verde,AFRICA,SUB-SAHARAN AFRICA,WESTERN AFRICA,PAÍSES DE INGRESO MEDIANO BAJO,,False
CRI,Costa Rica,AMERICAS,LATIN AMERICA AND THE CARIBBEAN,CENTRAL AMERICA,INGRESO MEDIANO ALTO,,False
CUB,Cuba,AMERICAS,LATIN AMERICA AND THE CARIBBEAN,CARIBBEAN,INGRESO MEDIANO ALTO,,False
CUW,Curaçao,AMERICAS,LATIN AMERICA AND THE CARIBBEAN,CARIBBEAN,INGRESO ALTO,,False
CYM,Cayman Islands,AMERICAS,LATIN AMERICA AND THE CARIBBEAN,CARIBBEAN,INGRESO ALTO,,False
CYP,Cyprus,ASIA,WESTERN ASIA,NO DATA,INGRESO ALTO,,False
CZE,Czechia,EUROPE,EASTERN EUROPE,NO DATA,INGRESO ALTO,,False
DEU,Germany,EUROPE,WESTERN EUROPE,NO DATA,INGRESO ALTO,,False
DJI,Djibouti,AFRICA,SUB-SAHARAN AFRICA,EASTERN AFRICA,PAÍSES DE INGRESO MEDIANO BAJO,,False
DMA,Dominica,AMERICAS,LATIN AMERICA AND THE CARIBBEAN,CARIBBEAN,INGRESO MEDIANO ALTO,,False
DNK,Denmark,EUROPE,NORTHERN EUROPE,NO DATA,INGRESO ALTO,,False
DOM,Dominican Republic,AMERICAS,LATIN AMERICA AND THE CARIBBEAN,CARIBBEAN,INGRESO MEDIANO ALTO,,False
DZA,Algeria,AFRICA,NORTHERN AFRICA,NO DATA,INGRESO MEDIANO ALTO,,False
ECU,Ecuador,AMERICAS,LATIN AMERICA AND THE CARIBBEAN,SOUTH AMERICA,INGRESO MEDIANO ALTO,,False
EGY,Egypt,AFRICA,NORTHERN AFRICA,NO DATA,PAÍSES DE INGRESO MEDIANO BAJO,,False
ERI,Eritrea,AFRICA,SUB-SAHARAN AFRICA,EASTERN AFRICA,PAÍSES DE INGRESO BAJO,,False
ESP,Spain,EUROPE,SOUTHERN EUROPE,NO DATA,INGRESO ALTO,,False
EST,Estonia,EUROPE,NORTHERN EUROPE,NO DATA,INGRESO ALTO,,False
ETH,Ethiopia,AFRICA,SUB-SAHARAN AFRICA,EASTERN AFRICA,PAÍSES DE INGRESO BAJO,,False
FIN,Finland,EUROPE,NORTHERN EUROPE,NO DATA,INGRESO ALTO,,False
FJI,Fiji,OCEANIA,MELANESIA,NO DATA,INGRESO MEDIANO ALTO,,False
FRA,France,EUROPE,WESTERN EUROPE,NO DATA,INGRESO ALTO,,False
FRO,Faroe Islands,EUROPE,NORTHERN EUROPE,NO DATA,INGRESO ALTO,,False
FSM,Micronesia (Federated States Of),OCEANIA,MICRONESIA,NO DATA,PAÍSES DE INGRESO MEDIANO BAJO,,False
GAB,Gabon,AFRICA,SUB-SAHARAN AFRICA,MIDDLE AFRICA,INGRESO MEDIANO ALTO,,False
GBR,United Kingdom Of Great Britain And Northern Ireland,EUROPE,NORTHERN EUROPE,NO DATA,INGRESO ALTO,,False
GEO,Georgia,ASIA,WESTERN ASIA,NO DATA,INGRESO MEDIANO ALTO,,False
GHA,Ghana,AFRICA,SUB-SAHARAN AFRICA,WESTERN AFRICA,PAÍSES DE INGRESO MEDIANO BAJO,,False
GIB,Gibraltar,EUROPE,SOUTHERN EUROPE,NO DATA,INGRESO ALTO,,False
GIN,Guinea,AFRICA,SUB-SAHARAN AFRICA,WESTERN AFRICA,PAÍSES DE INGRESO MEDIANO BAJO,,False
GMB,Gambia,AFRICA,SUB-SAHARAN AFRICA,WESTERN AFRICA,PAÍSES DE INGRESO BAJO,,False
GNB,Guinea-Bissau,AFRICA,SUB-SAHARAN AFRICA,WESTERN AFRICA,PAÍSES DE INGRESO BAJO,,False
GNQ,Equatorial Guinea,AFRICA,SUB-SAHARAN AFRICA,MIDDLE AFRICA,INGRESO MEDIANO ALTO,,False
GRC,Greece,EUROPE,SOUTHERN EUROPE,NO DATA,INGRESO ALTO,,False
GRD,Grenada,AMERICAS,LATIN AMERICA AND THE CARIBBEAN,CARIBBEAN,INGRESO MEDIANO ALTO,,False
GRL,Greenland,AMERICAS,NORTHERN AMERICA,NO DATA,INGRESO ALTO,,False
GTM,Guatemala,AMERICAS,LATIN AMERICA AND THE CARIBBEAN,CENTRAL AMERICA,INGRESO MEDIANO ALTO,,False
GUM,Guam,OCEANIA,MICRONESIA,NO DATA,INGRESO ALTO,,False
GUY,Guyana,AMERICAS,LATIN AMERICA AND THE CARIBBEAN,SOUTH AMERICA,INGRESO ALTO,,False
HKG,Hong Kong,ASIA,EASTERN ASIA,NO DATA,INGRESO ALTO,,False
HND,Honduras,AMERICAS,LATIN AMERICA AND THE CARIBBEAN,CENTRAL AMERICA,PAÍSES DE INGRESO MEDIANO BAJO,,False
HRV,Croatia,EUROPE,SOUTHERN EUROPE,NO DATA,INGRESO ALTO,,False
HTI,Haiti,AMERICAS,LATIN AMERICA AND THE CARIBBEAN,CARIBBEAN,PAÍSES DE INGRESO MEDIANO BAJO,,False
HUN,Hungary,EUROPE,EASTERN EUROPE,NO DATA,INGRESO ALTO,,False
IDN,Indonesia,ASIA,SOUTH-EASTERN ASIA,NO DATA,INGRESO MEDIANO ALTO,,False
IMN,Isle Of Man,EUROPE,NORTHERN EUROPE,NO DATA,INGRESO ALTO,,False
IND,India,ASIA,SOUTHERN ASIA,NO DATA,PAÍSES DE INGRESO MEDIANO BAJO,,False
IRL,Ireland,EUROPE,NORTHERN EUROPE,NO DATA,INGRESO ALTO,,False
IRN,Iran (Islamic Republic Of),ASIA,SOUTHERN ASIA,NO DATA,INGRESO MEDIANO ALTO,,False
IRQ,Iraq,ASIA,WESTERN ASIA,NO DATA,INGRESO MEDIANO ALTO,,False
ISL,Iceland,EUROPE,NORTHERN EUROPE,NO DATA,INGRESO ALTO,,False
ISR,Israel,ASIA,WESTERN ASIA,NO DATA,INGRESO ALTO,,False
ITA,Italy,EUROPE,SOUTHERN EUROPE,NO DATA,INGRESO ALTO,,False
JAM,Jamaica,AMERICAS,LATIN AMERICA AND THE CARIBBEAN,CARIBBEAN,INGRESO MEDIANO ALTO,,False
JOR,Jordan,ASIA,WESTERN ASIA,NO DATA,PAÍSES DE INGRESO MEDIANO BAJO,,False
JPN,Japan,ASIA,EASTERN ASIA,NO DATA,INGRESO ALTO,,False
KAZ,Kazakhstan,ASIA,CENTRAL ASIA,NO DATA,INGRESO MEDIANO ALTO,,False
KEN,Kenya,AFRICA,SUB-SAHARAN AFRICA,EASTERN AFRICA,PAÍSES DE INGRESO MEDIANO BAJO,,False
KGZ,Kyrgyzstan,ASIA,CENTRAL ASIA,NO DATA,PAÍSES DE INGRESO MEDIANO BAJO,,False
KHM,Cambodia,ASIA,SOUTH-EASTERN ASIA,NO DATA,PAÍSES DE INGRESO MEDIANO BAJO,,False
KIR,Kiribati,OCEANIA,MICRONESIA,NO DATA,PAÍSES DE INGRESO MEDIANO BAJO,,False
KNA,Saint Kitts And Nevis,AMERICAS,LATIN AMERICA AND THE CARIBBEAN,CARIBBEAN,INGRESO ALTO,,False
KOR,"Korea, Republic Of",ASIA,EASTERN ASIA,NO DATA,INGRESO ALTO,,False
KWT,Kuwait,ASIA,WESTERN ASIA,NO DATA,INGRESO ALTO,,False
LAO,Lao People'S Democratic Republic,ASIA,SOUTH-EASTERN ASIA,NO DATA,PAÍSES DE INGRESO MEDIANO BAJO,,False
LBN,Lebanon,ASIA,WESTERN ASIA,NO DATA,PAÍSES DE INGRESO MEDIANO BAJO,,False
LBR,Liberia,AFRICA,SUB-SAHARAN AFRICA,WESTERN AFRICA,PAÍSES DE INGRESO BAJO,,False
LBY,Libya,AFRICA,NORTHERN AFRICA,NO DATA,INGRESO MEDIANO ALTO,,False
LCA,Saint Lucia,AMERICAS,LATIN AMERICA AND THE CARIBBEAN,CARIBBEAN,INGRESO MEDIANO ALTO,,False
LIE,Liechtenstein,EUROPE,WESTERN EUROPE,NO DATA,INGRESO ALTO,,False
LKA,Sri Lanka,ASIA,SOUTHERN ASIA,NO DATA,PAÍSES DE INGRESO MEDIANO BAJO,,False
LSO,Lesotho,AFRICA,SUB-SAHARAN AFRICA,SOUTHERN AFRICA,PAÍSES DE INGRESO MEDIANO BAJO,,False
LTU,Lithuania,EUROPE,NORTHERN EUROPE,NO DATA,INGRESO ALTO,,False
LUX,Luxembourg,EUROPE,WESTERN EUROPE,NO DATA,INGRESO ALTO,,False
LVA,Latvia,EUROPE,NORTHERN EUROPE,NO DATA,INGRESO ALTO,,False
MAC,Macao,ASIA,EASTERN ASIA,NO DATA,INGRESO ALTO,,False
MAF,Saint Martin (French Part),AMERICAS,LATIN AMERICA AND THE CARIBBEAN,CARIBBEAN,INGRESO ALTO,,False
MAR,Morocco,AFRICA,NORTHERN AFRICA,NO DATA,PAÍSES DE INGRESO MEDIANO BAJO,,False
MCO,Monaco,EUROPE,WESTERN EUROPE,NO DATA,INGRESO ALTO,,False
MDA,"Moldova, Republic Of",EUROPE,EASTERN EUROPE,NO DATA,INGRESO MEDIANO ALTO,,False
MDG,Madagascar,AFRICA,SUB-SAHARAN AFRICA,EASTERN AFRICA,PAÍSES DE INGRESO BAJO,,False
MDV,Maldives,ASIA,SOUTHERN ASIA,NO DATA,INGRESO MEDIANO ALTO,,False
MEX,Mexico,AMERICAS,LATIN AMERICA AND THE CARIBBEAN,CENTRAL AMERICA,INGRESO MEDIANO ALTO,,False
MHL,Marshall Islands,OCEANIA,MICRONESIA,NO DATA,INGRESO MEDIANO ALTO,,False
MKD,North Macedonia,EUROPE,SOUTHERN EUROPE,NO DATA,INGRESO MEDIANO ALTO,,False
MLI,Mali,AFRICA,SUB-SAHARAN AFRICA,WESTERN AFRICA,PAÍSES DE INGRESO BAJO,,False
MLT,Malta,EUROPE,SOUTHERN EUROPE,NO DATA,INGRESO ALTO,,False
MMR,Myanmar,ASIA,SOUTH-EASTERN ASIA,NO DATA,PAÍSES DE INGRESO MEDIANO BAJO,,False
MNE,Montenegro,EUROPE,SOUTHERN EUROPE,NO DATA,INGRESO MEDIANO ALTO,,False
MNG,Mongolia,ASIA,EASTERN ASIA,NO DATA,INGRESO MEDIANO ALTO,,False
MNP,Northern Mariana Islands,OCEANIA,MICRONESIA,NO DATA,INGRESO ALTO,,False
MOZ,Mozambique,AFRICA,SUB-SAHARAN AFRICA,EASTERN AFRICA,PAÍSES DE INGRESO BAJO,,False
MRT,Mauritania,AFRICA,SUB-SAHARAN AFRICA,WESTERN AFRICA,PAÍSES DE INGRESO MEDIANO BAJO,,False
MUS,Mauritius,AFRICA,SUB-SAHARAN AFRICA,EASTERN AFRICA,INGRESO MEDIANO ALTO,,False
MWI,Malawi,AFRICA,SUB-SAHARAN AFRICA,EASTERN AFRICA,PAÍSES DE INGRESO BAJO,,False
MYS,Malaysia,ASIA,SOUTH-EASTERN ASIA,NO DATA,INGRESO MEDIANO ALTO,,False
NAM,Namibia,AFRICA,SUB-SAHARAN AFRICA,SOUTHERN AFRICA,INGRESO MEDIANO ALTO,,False
NCL,New Caledonia,OCEANIA,MELANESIA,NO DATA,INGRESO ALTO,,False
NER,Niger,AFRICA,SUB-SAHARAN AFRICA,WESTERN AFRICA,PAÍSES DE INGRESO BAJO,,False
NGA,Nigeria,AFRICA,SUB-SAHARAN AFRICA,WESTERN AFRICA,PAÍSES DE INGRESO MEDIANO BAJO,,False
NIC,Nicaragua,AMERICAS,LATIN AMERICA AND THE CARIBBEAN,CENTRAL AMERICA,PAÍSES DE INGRESO MEDIANO BAJO,,False
NLD,Netherlands,EUROPE,WESTERN EUROPE,NO DATA,INGRESO ALTO,,False
NOR,Norway,EUROPE,NORTHERN EUROPE,NO DATA,INGRESO ALTO,,False
NPL,Nepal,ASIA,SOUTHERN ASIA,NO DATA,PAÍSES DE INGRESO MEDIANO BAJO,,False
NRU,Nauru,OCEANIA,MICRONESIA,NO DATA,INGRESO ALTO,,False
NZL,New Zealand,OCEANIA,AUSTRALIA AND NEW ZEALAND,NO DATA,INGRESO ALTO,,False
OMN,Oman,ASIA,WESTERN ASIA,NO DATA,INGRESO ALTO,,False
PAK,Pakistan,ASIA,SOUTHERN ASIA,NO DATA,PAÍSES DE INGRESO MEDIANO BAJO,,False
PAN,Panama,AMERICAS,LATIN AMERICA AND THE CARIBBEAN,CENTRAL AMERICA,INGRESO ALTO,,False
PER,Peru,AMERICAS,LATIN AMERICA AND THE CARIBBEAN,SOUTH AMERICA,INGRESO MEDIANO ALTO,,False
PHL,Philippines,ASIA,SOUTH-EASTERN ASIA,NO DATA,PAÍSES DE INGRESO MEDIANO BAJO,,False
PLW,Palau,OCEANIA,MICRONESIA,NO DATA,INGRESO ALTO,,False
PNG,Papua New Guinea,OCEANIA,MELANESIA,NO DATA,PAÍSES DE INGRESO MEDIANO BAJO,,False
POL,Poland,EUROPE,EASTERN EUROPE,NO DATA,INGRESO ALTO,,False
PRI,Puerto Rico,AMERICAS,LATIN AMERICA AND THE CARIBBEAN,CARIBBEAN,INGRESO ALTO,,False
PRK,Korea (Democratic People'S Republic Of),ASIA,EASTERN ASIA,NO DATA,PAÍSES DE INGRESO BAJO,,False
PRT,Portugal,EUROPE,SOUTHERN EUROPE,NO DATA,INGRESO ALTO,,False
PRY,Paraguay,AMERICAS,LATIN AMERICA AND THE CARIBBEAN,SOUTH AMERICA,INGRESO MEDIANO ALTO,,False
PSE,"Palestine, State Of",ASIA,WESTERN ASIA,NO DATA,PAÍSES DE INGRESO MEDIANO BAJO,,False
PYF,French Polynesia,OCEANIA,POLYNESIA,NO DATA,INGRESO ALTO,,False
QAT,Qatar,ASIA,WESTERN ASIA,NO DATA,INGRESO ALTO,,False
ROU,Romania,EUROPE,EASTERN EUROPE,NO DATA,INGRESO ALTO,,False
RUS,Russian Federation,EUROPE,EASTERN EUROPE,NO DATA,INGRESO ALTO,,False
RWA,Rwanda,AFRICA,SUB-SAHARAN AFRICA,EASTERN AFRICA,PAÍSES DE INGRESO BAJO,,False
SAU,Saudi Arabia,ASIA,WESTERN ASIA,NO DATA,INGRESO ALTO,,False
SDN,Sudan,AFRICA,NORTHERN AFRICA,NO DATA,PAÍSES DE INGRESO BAJO,,False
SEN,Senegal,AFRICA,SUB-SAHARAN AFRICA,WESTERN AFRICA,PAÍSES DE INGRESO MEDIANO BAJO,,False
SGP,Singapore,ASIA,SOUTH-EASTERN ASIA,NO DATA,INGRESO ALTO,,False
SLB,Solomon Islands,OCEANIA,MELANESIA,NO DATA,PAÍSES DE INGRESO MEDIANO BAJO,,False
SLE,Sierra Leone,AFRICA,SUB-SAHARAN AFRICA,WESTERN AFRICA,PAÍSES DE INGRESO BAJO,,False
SLV,El Salvador,AMERICAS,LATIN AMERICA AND THE CARIBBEAN,CENTRAL AMERICA,INGRESO MEDIANO ALTO,,False
SMR,San Marino,EUROPE,SOUTHERN EUROPE,NO DATA,INGRESO ALTO,,False
SOM,Somalia,AFRICA,SUB-SAHARAN AFRICA,EASTERN AFRICA,PAÍSES DE INGRESO BAJO,,False
SRB,Serbia,EUROPE,SOUTHERN EUROPE,NO DATA,INGRESO MEDIANO ALTO,,False
SSD,South Sudan,AFRICA,SUB-SAHARAN AFRICA,EASTERN AFRICA,PAÍSES DE INGRESO BAJO,,False
STP,Sao Tome And Principe,AFRICA,SUB-SAHARAN AFRICA,MIDDLE AFRICA,PAÍSES DE INGRESO MEDIANO BAJO,,False
SUR,Suriname,AMERICAS,LATIN AMERICA AND THE CARIBBEAN,SOUTH AMERICA,INGRESO MEDIANO ALTO,,False
SVK,Slovakia,EUROPE,EASTERN EUROPE,NO DATA,INGRESO ALTO,,False
SVN,Slovenia,EUROPE,SOUTHERN EUROPE,NO DATA,INGRESO ALTO,,False
SWE,Sweden,EUROPE,NORTHERN EUROPE,NO DATA,INGRESO ALTO,,False
SWZ,Eswatini,AFRICA,SUB-SAHARAN AFRICA,SOUTHERN AFRICA,PAÍSES DE INGRESO MEDIANO BAJO,,False
SXM,Sint Maarten (Dutch Part),AMERICAS,LATIN AMERICA AND THE CARIBBEAN,CARIBBEAN,INGRESO ALTO,,False
SYC,Seychelles,AFRICA,SUB-SAHARAN AFRICA,EASTERN AFRICA,INGRESO ALTO,,False
SYR,Syrian Arab Republic,ASIA,WESTERN ASIA,NO DATA,PAÍSES DE INGRESO BAJO,,False
TCA,Turks And Caicos Islands,AMERICAS,LATIN AMERICA AND THE CARIBBEAN,CARIBBEAN,INGRESO ALTO,,False
TCD,Chad,AFRICA,SUB-SAHARAN AFRICA,MIDDLE AFRICA,PAÍSES DE INGRESO BAJO,,False
TGO,Togo,AFRICA,SUB-SAHARAN AFRICA,WESTERN AFRICA,PAÍSES DE INGRESO BAJO,,False
THA,Thailand,ASIA,SOUTH-EASTERN ASIA,NO DATA,INGRESO MEDIANO ALTO,,False
TJK,Tajikistan,ASIA,CENTRAL ASIA,NO DATA,PAÍSES DE INGRESO MEDIANO BAJO,,False
TKM,Turkmenistan,ASIA,CENTRAL ASIA,NO DATA,INGRESO MEDIANO ALTO,,False
TLS,Timor-Leste,ASIA,SOUTH-EASTERN ASIA,NO DATA,PAÍSES DE INGRESO MEDIANO BAJO,,False
TON,Tonga,OCEANIA,POLYNESIA,NO DATA,INGRESO MEDIANO ALTO,,False
TTO,Trinidad And Tobago,AMERICAS,LATIN AMERICA AND THE CARIBBEAN,CARIBBEAN,INGRESO ALTO,,False
TUN,Tunisia,AFRICA,NORTHERN AFRICA,NO DATA,PAÍSES DE INGRESO MEDIANO BAJO,,False
TUR,Turkey,ASIA,WESTERN ASIA,NO DATA,INGRESO MEDIANO ALTO,,False
TUV,Tuvalu,OCEANIA,POLYNESIA,NO DATA,INGRESO MEDIANO ALTO,,False
TZA,"Tanzania, United Republic Of",AFRICA,SUB-SAHARAN AFRICA,EASTERN AFRICA,PAÍSES DE INGRESO MEDIANO BAJO,,False
UGA,Uganda,AFRICA,SUB-SAHARAN AFRICA,EASTERN AFRICA,PAÍSES DE INGRESO BAJO,,False
UKR,Ukraine,EUROPE,EASTERN EUROPE,NO DATA,INGRESO MEDIANO ALTO,,False
URY,Uruguay,AMERICAS,LATIN AMERICA AND THE CARIBBEAN,SOUTH AMERICA,INGRESO ALTO,,False
USA,United States Of America,AMERICAS,NORTHERN AMERICA,NO DATA,INGRESO ALTO,,False
UZB,Uzbekistan,ASIA,CENTRAL ASIA,NO DATA,PAÍSES DE INGRESO MEDIANO BAJO,,False
VCT,Saint Vincent And The Grenadines,AMERICAS,LATIN AMERICA AND THE CARIBBEAN,CARIBBEAN,INGRESO MEDIANO ALTO,,False
VEN,Venezuela (Bolivarian Republic Of),AMERICAS,LATIN AMERICA AND THE CARIBBEAN,SOUTH AMERICA,NO CLASIFICADO,,False
VGB,Virgin Islands (British),AMERICAS,LATIN AMERICA AND THE CARIBBEAN,CARIBBEAN,INGRESO ALTO,,False
VIR,Virgin Islands (U.S.),AMERICAS,LATIN AMERICA AND THE CARIBBEAN,CARIBBEAN,INGRESO ALTO,,False
VNM,Viet Nam,ASIA,SOUTH-EASTERN ASIA,NO DATA,PAÍSES DE INGRESO MEDIANO BAJO,,False
VUT,Vanuatu,OCEANIA,MELANESIA,NO DATA,PAÍSES DE INGRESO MEDIANO BAJO,,False
WSM,Samoa,OCEANIA,POLYNESIA,NO DATA,PAÍSES DE INGRESO MEDIANO BAJO,,False
YEM,Yemen,ASIA,WESTERN ASIA,NO DATA,PAÍSES DE INGRESO BAJO,,False
ZAF,South Africa,AFRICA,SUB-SAHARAN AFRICA,SOUTHERN AFRICA,INGRESO MEDIANO ALTO,,False
ZMB,Zambia,AFRICA,SUB-SAHARAN AFRICA,EASTERN AFRICA,PAÍSES DE INGRESO MEDIANO BAJO,,False
ZWE,Zimbabwe,AFRICA,SUB-SAHARAN AFRICA,EASTERN AFRICA,PAÍSES DE INGRESO MEDIANO BAJO,,False
AFG,Afganistan,ASIA MERIDIONAL,SOUTHERN ASIA,,,,False
ALB,Albania,EUROPA Y ASIA CENTRAL (EXCLUIDO ALTOS INGRESOS),SOUTHERN EUROPE,,,,False
DEU,Alemania,,WESTERN EUROPE,,,,False
AND,Andorra,,SOUTHERN EUROPE,,,,False
AGO,Angola,ÁFRICA AL SUR DEL SAHARA (EXCLUIDO ALTOS INGRESOS),SUB-SAHARAN AFRICA,MIDDLE AFRICA,,,False
ATG,Antigua Y Barbuda,,LATIN AMERICA AND THE CARIBBEAN,CARIBBEAN,,,False
SAU,Arabia Saudita,,WESTERN ASIA,,,,False
DZA,Argelia,ORIENTE MEDIO Y NORTE DE ÁFRICA (EXCLUIDO ALTOS INGRESOS),NORTHERN AFRICA,,,,False
ARG,Argentina,AMÉRICA LATINA Y EL CARIBE (EXCLUIDO ALTOS INGRESOS),LATIN AMERICA AND THE CARIBBEAN,SOUTH AMERICA,,,False
ARM,Armenia,EUROPA Y ASIA CENTRAL (EXCLUIDO ALTOS INGRESOS),WESTERN ASIA,,,,False
ABW,Aruba,,LATIN AMERICA AND THE CARIBBEAN,CARIBBEAN,,,False
AUS,Australia,,AUSTRALIA AND NEW ZEALAND,,,,False
AUT,Austria,,WESTERN EUROPE,,,,False
AZE,Azerbaiyan,EUROPA Y ASIA CENTRAL (EXCLUIDO ALTOS INGRESOS),WESTERN ASIA,,,,False
BHS,Bahamas,,LATIN AMERICA AND THE CARIBBEAN,CARIBBEAN,,,False
BHR,Bahrein,,WESTERN ASIA,,,,False
BGD,Bangladesh,ASIA MERIDIONAL,SOUTHERN ASIA,,,,False
BRB,Barbados,,LATIN AMERICA AND THE CARIBBEAN,CARIBBEAN,,,False
BLR,Belarus,EUROPA Y ASIA CENTRAL (EXCLUIDO ALTOS INGRESOS),EASTERN EUROPE,,,,False
BEL,Belgica,,WESTERN EUROPE,,,,False
BLZ,Belice,AMÉRICA LATINA Y EL CARIBE (EXCLUIDO ALTOS INGRESOS),LATIN AMERICA AND THE CARIBBEAN,CENTRAL AMERICA,,,False
BEN,Benin,ÁFRICA AL SUR DEL SAHARA (EXCLUIDO ALTOS INGRESOS),SUB-SAHARAN AFRICA,WESTERN AFRICA,,,False
BMU,Bermudas,,NORTHERN AMERICA,,,,False
BTN,Bhutan,ASIA MERIDIONAL,SOUTHERN ASIA,,,,False
BOL,Bolivia,AMÉRICA LATINA Y EL CARIBE (EXCLUIDO ALTOS INGRESOS),LATIN AMERICA AND THE CARIBBEAN,SOUTH AMERICA,,,False
BIH,Bosnia Y Herzegovina,EUROPA Y ASIA CENTRAL (EXCLUIDO ALTOS INGRESOS),SOUTHERN EUROPE,,,,False
BWA,Botswana,ÁFRICA AL SUR DEL SAHARA (EXCLUIDO ALTOS INGRESOS),SUB-SAHARAN AFRICA,SOUTHERN AFRICA,,,False
BRA,Brasil,AMÉRICA LATINA Y EL CARIBE (EXCLUIDO ALTOS INGRESOS),LATIN AMERICA AND THE CARIBBEAN,SOUTH AMERICA,,,False
BRN,Brunei Darussalam,,SOUTH-EASTERN ASIA,,,,False
BGR,Bulgaria,,EASTERN EUROPE,,,,False
BFA,Burkina Faso,ÁFRICA AL SUR DEL SAHARA (EXCLUIDO ALTOS INGRESOS),SUB-SAHARAN AFRICA,WESTERN AFRICA,,,False
BDI,Burundi,ÁFRICA AL SUR DEL SAHARA (EXCLUIDO ALTOS INGRESOS),SUB-SAHARAN AFRICA,EASTERN AFRICA,,,False
CPV,Cabo Verde,ÁFRICA AL SUR DEL SAHARA (EXCLUIDO ALTOS INGRESOS),SUB-SAHARAN AFRICA,WESTERN AFRICA,,,False
KHM,Camboya,ASIA ORIENTAL Y EL PACÍFICO (EXCLUIDO ALTOS INGRESOS),SOUTH-EASTERN ASIA,,,,False
CMR,Camerun,ÁFRICA AL SUR DEL SAHARA (EXCLUIDO ALTOS INGRESOS),SUB-SAHARAN AFRICA,MIDDLE AFRICA,,,False
CAN,Canada,,NORTHERN AMERICA,,,,False
TCD,Chad,ÁFRICA AL SUR DEL SAHARA (EXCLUIDO ALTOS INGRESOS),SUB-SAHARAN AFRICA,MIDDLE AFRICA,,,False
CHL,Chile,,LATIN AMERICA AND THE CARIBBEAN,SOUTH AMERICA,,,False
CHN,China,ASIA ORIENTAL Y EL PACÍFICO (EXCLUIDO ALTOS INGRESOS),EASTERN ASIA,,,,False
CYP,Chipre,,WESTERN ASIA,,,,False
COL,Colombia,AMÉRICA LATINA Y EL CARIBE (EXCLUIDO ALTOS INGRESOS),LATIN AMERICA AND THE CARIBBEAN,SOUTH AMERICA,,,False
COM,Comoras,ÁFRICA AL SUR DEL SAHARA (EXCLUIDO ALTOS INGRESOS),SUB-SAHARAN AFRICA,EASTERN AFRICA,,,False
COG,"Congo, Republica Del",ÁFRICA AL SUR DEL SAHARA (EXCLUIDO ALTOS INGRESOS),SUB-SAHARAN AFRICA,MIDDLE AFRICA,,,False
COD,"Congo, Republica Democratica Del",ÁFRICA AL SUR DEL SAHARA (EXCLUIDO ALTOS INGRESOS),SUB-SAHARAN AFRICA,MIDDLE AFRICA,,,False
KOR,"Corea, Republica De",,EASTERN ASIA,,,,False
PRK,"Corea, Republica Popular Democratica De",ASIA ORIENTAL Y EL PACÍFICO (EXCLUIDO ALTOS INGRESOS),EASTERN ASIA,,,,False
CRI,Costa Rica,AMÉRICA LATINA Y EL CARIBE (EXCLUIDO ALTOS INGRESOS),LATIN AMERICA AND THE CARIBBEAN,CENTRAL AMERICA,,,False
CIV,Cote D'Ivoire,ÁFRICA AL SUR DEL SAHARA (EXCLUIDO ALTOS INGRESOS),SUB-SAHARAN AFRICA,WESTERN AFRICA,,,False
HRV,Croacia,,SOUTHERN EUROPE,,,,False
CUB,Cuba,AMÉRICA LATINA Y EL CARIBE (EXCLUIDO ALTOS INGRESOS),LATIN AMERICA AND THE CARIBBEAN,CARIBBEAN,,,False
CUW,Curacao,,LATIN AMERICA AND THE CARIBBEAN,CARIBBEAN,,,False
DNK,Dinamarca,,NORTHERN EUROPE,,,,False
DJI,Djibouti,ORIENTE MEDIO Y NORTE DE ÁFRICA (EXCLUIDO ALTOS INGRESOS),SUB-SAHARAN AFRICA,EASTERN AFRICA,,,False
DMA,Dominica,AMÉRICA LATINA Y EL CARIBE (EXCLUIDO ALTOS INGRESOS),LATIN AMERICA AND THE CARIBBEAN,CARIBBEAN,,,False
ECU,Ecuador,AMÉRICA LATINA Y EL CARIBE (EXCLUIDO ALTOS INGRESOS),LATIN AMERICA AND THE CARIBBEAN,SOUTH AMERICA,,,False
EGY,"Egipto, Republica Arabe De",ORIENTE MEDIO Y NORTE DE ÁFRICA (EXCLUIDO ALTOS INGRESOS),NORTHERN AFRICA,,,,False
SLV,El Salvador,AMÉRICA LATINA Y EL CARIBE (EXCLUIDO ALTOS INGRESOS),LATIN AMERICA AND THE CARIBBEAN,CENTRAL AMERICA,,,False
ARE,Emiratos Arabes Unidos,,WESTERN ASIA,,,,False
ERI,Eritrea,ÁFRICA AL SUR DEL SAHARA (EXCLUIDO ALTOS INGRESOS),SUB-SAHARAN AFRICA,EASTERN AFRICA,,,False
SVN,Eslovenia,,SOUTHERN EUROPE,,,,False
ESP,Espana,,SOUTHERN EUROPE,,,,False
USA,Estados Unidos,,NORTHERN AMERICA,,,,False
EST,Estonia,,NORTHERN EUROPE,,,,False
SWZ,Eswatini,ÁFRICA AL SUR DEL SAHARA (EXCLUIDO ALTOS INGRESOS),SUB-SAHARAN AFRICA,SOUTHERN AFRICA,,,False
ETH,Etiopia,ÁFRICA AL SUR DEL SAHARA (EXCLUIDO ALTOS INGRESOS),SUB-SAHARAN AFRICA,EASTERN AFRICA,,,False
RUS,Federacion De Rusia,,EASTERN EUROPE,,,,False
FJI,Fiji,ASIA ORIENTAL Y EL PACÍFICO (EXCLUIDO ALTOS INGRESOS),MELANESIA,,,,False
PHL,Filipinas,ASIA ORIENTAL Y EL PACÍFICO (EXCLUIDO ALTOS INGRESOS),SOUTH-EASTERN ASIA,,,,False
FIN,Finlandia,,NORTHERN EUROPE,,,,False
FRA,Francia,,WESTERN EUROPE,,,,False
GAB,Gabon,ÁFRICA AL SUR DEL SAHARA (EXCLUIDO ALTOS INGRESOS),SUB-SAHARAN AFRICA,MIDDLE AFRICA,,,False
GMB,Gambia,ÁFRICA AL SUR DEL SAHARA (EXCLUIDO ALTOS INGRESOS),SUB-SAHARAN AFRICA,WESTERN AFRICA,,,False
GEO,Georgia,EUROPA Y ASIA CENTRAL (EXCLUIDO ALTOS INGRESOS),WESTERN ASIA,,,,False
GHA,Ghana,ÁFRICA AL SUR DEL SAHARA (EXCLUIDO ALTOS INGRESOS),SUB-SAHARAN AFRICA,WESTERN AFRICA,,,False
GIB,Gibraltar,,SOUTHERN EUROPE,,,,False
GRD,Granada,AMÉRICA LATINA Y EL CARIBE (EXCLUIDO ALTOS INGRESOS),LATIN AMERICA AND THE CARIBBEAN,CARIBBEAN,,,False
GRC,Grecia,,SOUTHERN EUROPE,,,,False
GRL,Groenlandia,,NORTHERN AMERICA,,,,False
GUM,Guam,,MICRONESIA,,,,False
GTM,Guatemala,AMÉRICA LATINA Y EL CARIBE (EXCLUIDO ALTOS INGRESOS),LATIN AMERICA AND THE CARIBBEAN,CENTRAL AMERICA,,,False
GIN,Guinea,ÁFRICA AL SUR DEL SAHARA (EXCLUIDO ALTOS INGRESOS),SUB-SAHARAN AFRICA,WESTERN AFRICA,,,False
GNQ,Guinea Ecuatorial,ÁFRICA AL SUR DEL SAHARA (EXCLUIDO ALTOS INGRESOS),SUB-SAHARAN AFRICA,MIDDLE AFRICA,,,False
GNB,Guinea-Bissau,ÁFRICA AL SUR DEL SAHARA (EXCLUIDO ALTOS INGRESOS),SUB-SAHARAN AFRICA,WESTERN AFRICA,,,False
GUY,Guyana,,LATIN AMERICA AND THE CARIBBEAN,SOUTH AMERICA,,,False
HTI,Haiti,AMÉRICA LATINA Y EL CARIBE (EXCLUIDO ALTOS INGRESOS),LATIN AMERICA AND THE CARIBBEAN,CARIBBEAN,,,False
HND,Honduras,AMÉRICA LATINA Y EL CARIBE (EXCLUIDO ALTOS INGRESOS),LATIN AMERICA AND THE CARIBBEAN,CENTRAL AMERICA,,,False
HKG,"Hong Kong, Region Administrativa Especial",,EASTERN ASIA,,,,False
HUN,Hungria,,EASTERN EUROPE,,,,False
IND,India,ASIA MERIDIONAL,SOUTHERN ASIA,,,,False
IDN,Indonesia,ASIA ORIENTAL Y EL PACÍFICO (EXCLUIDO ALTOS INGRESOS),SOUTH-EASTERN ASIA,,,,False
IRN,"Iran, Republica Islamica Del",ORIENTE MEDIO Y NORTE DE ÁFRICA (EXCLUIDO ALTOS INGRESOS),SOUTHERN ASIA,,,,False
IRQ,Iraq,ORIENTE MEDIO Y NORTE DE ÁFRICA (EXCLUIDO ALTOS INGRESOS),WESTERN ASIA,,,,False
IRL,Irlanda,,NORTHERN EUROPE,,,,False
IMN,Isla De Man,,NORTHERN EUROPE,,,,False
MAF,Isla De San Martin (Parte Francesa),,LATIN AMERICA AND THE CARIBBEAN,CARIBBEAN,,,False
ISL,Islandia,,NORTHERN EUROPE,,,,False
CYM,Islas Caiman,,LATIN AMERICA AND THE CARIBBEAN,CARIBBEAN,,,False
FRO,Islas Feroe,,NORTHERN EUROPE,,,,False
MHL,Islas Marshall,ASIA ORIENTAL Y EL PACÍFICO (EXCLUIDO ALTOS INGRESOS),MICRONESIA,,,,False
SLB,Islas Salomon,ASIA ORIENTAL Y EL PACÍFICO (EXCLUIDO ALTOS INGRESOS),MELANESIA,,,,False
TCA,Islas Turcas Y Caicos,,LATIN AMERICA AND THE CARIBBEAN,CARIBBEAN,,,False
VIR,Islas Virgenes (Ee.Uu.),,LATIN AMERICA AND THE CARIBBEAN,CARIBBEAN,,,False
VGB,Islas Virgenes Britanicas,,LATIN AMERICA AND THE CARIBBEAN,CARIBBEAN,,,False
ISR,Israel,,WESTERN ASIA,,,,False
ITA,Italia,,SOUTHERN EUROPE,,,,False
JAM,Jamaica,AMÉRICA LATINA Y EL CARIBE (EXCLUIDO ALTOS INGRESOS),LATIN AMERICA AND THE CARIBBEAN,CARIBBEAN,,,False
JPN,Japon,,EASTERN ASIA,,,,False
JOR,Jordania,ORIENTE MEDIO Y NORTE DE ÁFRICA (EXCLUIDO ALTOS INGRESOS),WESTERN ASIA,,,,False
KAZ,Kazajstan,EUROPA Y ASIA CENTRAL (EXCLUIDO ALTOS INGRESOS),CENTRAL ASIA,,,,False
KEN,Kenya,ÁFRICA AL SUR DEL SAHARA (EXCLUIDO ALTOS INGRESOS),SUB-SAHARAN AFRICA,EASTERN AFRICA,,,False
KGZ,Kirguistan,EUROPA Y ASIA CENTRAL (EXCLUIDO ALTOS INGRESOS),CENTRAL ASIA,,,,False
KIR,Kiribati,ASIA ORIENTAL Y EL PACÍFICO (EXCLUIDO ALTOS INGRESOS),MICRONESIA,,,,False
KWT,Kuwait,,WESTERN ASIA,,,,False
LSO,Lesotho,ÁFRICA AL SUR DEL SAHARA (EXCLUIDO ALTOS INGRESOS),SUB-SAHARAN AFRICA,SOUTHERN AFRICA,,,False
LVA,Letonia,,NORTHERN EUROPE,,,,False
LBN,Libano,ORIENTE MEDIO Y NORTE DE ÁFRICA (EXCLUIDO ALTOS INGRESOS),WESTERN ASIA,,,,False
LBR,Liberia,ÁFRICA AL SUR DEL SAHARA (EXCLUIDO ALTOS INGRESOS),SUB-SAHARAN AFRICA,WESTERN AFRICA,,,False
LBY,Libia,ORIENTE MEDIO Y NORTE DE ÁFRICA (EXCLUIDO ALTOS INGRESOS),NORTHERN AFRICA,,,,False
LIE,Liechtenstein,,WESTERN EUROPE,,,,False
LTU,Lituania,,NORTHERN EUROPE,,,,False
LUX,Luxemburgo,,WESTERN EUROPE,,,,False
MKD,Macedonia Del Norte,EUROPA Y ASIA CENTRAL (EXCLUIDO ALTOS INGRESOS),SOUTHERN EUROPE,,,,False
MDG,Madagascar,ÁFRICA AL SUR DEL SAHARA (EXCLUIDO ALTOS INGRESOS),SUB-SAHARAN AFRICA,EASTERN AFRICA,,,False
MYS,Malasia,ASIA ORIENTAL Y EL PACÍFICO (EXCLUIDO ALTOS INGRESOS),SOUTH-EASTERN ASIA,,,,False
MWI,Malawi,ÁFRICA AL SUR DEL SAHARA (EXCLUIDO ALTOS INGRESOS),SUB-SAHARAN AFRICA,EASTERN AFRICA,,,False
MDV,Maldivas,ASIA MERIDIONAL,SOUTHERN ASIA,,,,False
MLI,Mali,ÁFRICA AL SUR DEL SAHARA (EXCLUIDO ALTOS INGRESOS),SUB-SAHARAN AFRICA,WESTERN AFRICA,,,False
MLT,Malta,,SOUTHERN EUROPE,,,,False
MNP,Mariana,,MICRONESIA,,,,False
MAR,Marruecos,ORIENTE MEDIO Y NORTE DE ÁFRICA (EXCLUIDO ALTOS INGRESOS),NORTHERN AFRICA,,,,False
MUS,Mauricio,ÁFRICA AL SUR DEL SAHARA (EXCLUIDO ALTOS INGRESOS),SUB-SAHARAN AFRICA,EASTERN AFRICA,,,False
MRT,Mauritania,ÁFRICA AL SUR DEL SAHARA (EXCLUIDO ALTOS INGRESOS),SUB-SAHARAN AFRICA,WESTERN AFRICA,,,False
MEX,Mexico,AMÉRICA LATINA Y EL CARIBE (EXCLUIDO ALTOS INGRESOS),LATIN AMERICA AND THE CARIBBEAN,CENTRAL AMERICA,,,False
FSM,Micronesia (Estados Federados De),ASIA ORIENTAL Y EL PACÍFICO (EXCLUIDO ALTOS INGRESOS),MICRONESIA,,,,False
MCO,Monaco,,WESTERN EUROPE,,,,False
MNG,Mongolia,ASIA ORIENTAL Y EL PACÍFICO (EXCLUIDO ALTOS INGRESOS),EASTERN ASIA,,,,False
MNE,Montenegro,EUROPA Y ASIA CENTRAL (EXCLUIDO ALTOS INGRESOS),SOUTHERN EUROPE,,,,False
MOZ,Mozambique,ÁFRICA AL SUR DEL SAHARA (EXCLUIDO ALTOS INGRESOS),SUB-SAHARAN AFRICA,EASTERN AFRICA,,,False
MMR,Myanmar,ASIA ORIENTAL Y EL PACÍFICO (EXCLUIDO ALTOS INGRESOS),SOUTH-EASTERN ASIA,,,,False
NAM,Namibia,ÁFRICA AL SUR DEL SAHARA (EXCLUIDO ALTOS INGRESOS),SUB-SAHARAN AFRICA,SOUTHERN AFRICA,,,False
NRU,Nauru,,MICRONESIA,,,,False
NPL,Nepal,ASIA MERIDIONAL,SOUTHERN ASIA,,,,False
NIC,Nicaragua,AMÉRICA LATINA Y EL CARIBE (EXCLUIDO ALTOS INGRESOS),LATIN AMERICA AND THE CARIBBEAN,CENTRAL AMERICA,,,False
NER,Niger,ÁFRICA AL SUR DEL SAHARA (EXCLUIDO ALTOS INGRESOS),SUB-SAHARAN AFRICA,WESTERN AFRICA,,,False
NGA,Nigeria,ÁFRICA AL SUR DEL SAHARA (EXCLUIDO ALTOS INGRESOS),SUB-SAHARAN AFRICA,WESTERN AFRICA,,,False
NOR,Noruega,,NORTHERN EUROPE,,,,False
NCL,Nueva Caledonia,,MELANESIA,,,,False
NZL,Nueva Zelandia,,AUSTRALIA AND NEW ZEALAND,,,,False
OMN,Oman,,WESTERN ASIA,,,,False
NLD,Paises Bajos,,WESTERN EUROPE,,,,False
PAK,Pakistan,ASIA MERIDIONAL,SOUTHERN ASIA,,,,False
PLW,Palau,,MICRONESIA,,,,False
PAN,Panama,,LATIN AMERICA AND THE CARIBBEAN,CENTRAL AMERICA,,,False
PNG,Papua Nueva Guinea,ASIA ORIENTAL Y EL PACÍFICO (EXCLUIDO ALTOS INGRESOS),MELANESIA,,,,False
PRY,Paraguay,AMÉRICA LATINA Y EL CARIBE (EXCLUIDO ALTOS INGRESOS),LATIN AMERICA AND THE CARIBBEAN,SOUTH AMERICA,,,False
PER,Peru,AMÉRICA LATINA Y EL CARIBE (EXCLUIDO ALTOS INGRESOS),LATIN AMERICA AND THE CARIBBEAN,SOUTH AMERICA,,,False
PYF,Polinesia Francesa,,POLYNESIA,,,,False
POL,Polonia,,EASTERN EUROPE,,,,False
PRT,Portugal,,SOUTHERN EUROPE,,,,False
PRI,Puerto Rico,,LATIN AMERICA AND THE CARIBBEAN,CARIBBEAN,,,False
QAT,Qatar,,WESTERN ASIA,,,,False
MAC,"Region Administrativa Especial De Macao, China",,EASTERN ASIA,,,,False
GBR,Reino Unido,,NORTHERN EUROPE,,,,False
SYR,Republica Arabe Siria,ORIENTE MEDIO Y NORTE DE ÁFRICA (EXCLUIDO ALTOS INGRESOS),WESTERN ASIA,,,,False
CAF,Republica Centroafricana,ÁFRICA AL SUR DEL SAHARA (EXCLUIDO ALTOS INGRESOS),SUB-SAHARAN AFRICA,MIDDLE AFRICA,,,False
CZE,Republica Checa,,EASTERN EUROPE,,,,False
MDA,Republica De Moldova,EUROPA Y ASIA CENTRAL (EXCLUIDO ALTOS INGRESOS),EASTERN EUROPE,,,,False
LAO,Republica Democratica Popular Lao,ASIA ORIENTAL Y EL PACÍFICO (EXCLUIDO ALTOS INGRESOS),SOUTH-EASTERN ASIA,,,,False
DOM,Republica Dominicana,AMÉRICA LATINA Y EL CARIBE (EXCLUIDO ALTOS INGRESOS),LATIN AMERICA AND THE CARIBBEAN,CARIBBEAN,,,False
SVK,Republica Eslovaca,,EASTERN EUROPE,,,,False
PSE,Ribera Occidental Y Gaza,ORIENTE MEDIO Y NORTE DE ÁFRICA (EXCLUIDO ALTOS INGRESOS),WESTERN ASIA,,,,False
ROU,Rumania,,EASTERN EUROPE,,,,False
RWA,Rwanda,ÁFRICA AL SUR DEL SAHARA (EXCLUIDO ALTOS INGRESOS),SUB-SAHARAN AFRICA,EASTERN AFRICA,,,False
KNA,Saint Kitts Y Nevis,,LATIN AMERICA AND THE CARIBBEAN,CARIBBEAN,,,False
WSM,Samoa,ASIA ORIENTAL Y EL PACÍFICO (EXCLUIDO ALTOS INGRESOS),POLYNESIA,,,,False
ASM,Samoa Americana,,POLYNESIA,,,,False
SMR,San Marino,,SOUTHERN EUROPE,,,,False
VCT,San Vicente Y Las Granadinas,AMÉRICA LATINA Y EL CARIBE (EXCLUIDO ALTOS INGRESOS),LATIN AMERICA AND THE CARIBBEAN,CARIBBEAN,,,False
LCA,Santa Lucia,AMÉRICA LATINA Y EL CARIBE (EXCLUIDO ALTOS INGRESOS),LATIN AMERICA AND THE CARIBBEAN,CARIBBEAN,,,False
STP,Santo Tome Y Principe,ÁFRICA AL SUR DEL SAHARA (EXCLUIDO ALTOS INGRESOS),SUB-SAHARAN AFRICA,MIDDLE AFRICA,,,False
SEN,Senegal,ÁFRICA AL SUR DEL SAHARA (EXCLUIDO ALTOS INGRESOS),SUB-SAHARAN AFRICA,WESTERN AFRICA,,,False
SRB,Serbia,EUROPA Y ASIA CENTRAL (EXCLUIDO ALTOS INGRESOS),SOUTHERN EUROPE,,,,False
SYC,Seychelles,,SUB-SAHARAN AFRICA,EASTERN AFRICA,,,False
SLE,Sierra Leona,ÁFRICA AL SUR DEL SAHARA (EXCLUIDO ALTOS INGRESOS),SUB-SAHARAN AFRICA,WESTERN AFRICA,,,False
SGP,Singapur,,SOUTH-EASTERN ASIA,,,,False
SXM,Sint Maarten (Dutch Part),,LATIN AMERICA AND THE CARIBBEAN,CARIBBEAN,,,False
SOM,Somalia,ÁFRICA AL SUR DEL SAHARA (EXCLUIDO ALTOS INGRESOS),SUB-SAHARAN AFRICA,EASTERN AFRICA,,,False
LKA,Sri Lanka,ASIA MERIDIONAL,SOUTHERN ASIA,,,,False
ZAF,Sudafrica,ÁFRICA AL SUR DEL SAHARA (EXCLUIDO ALTOS INGRESOS),SUB-SAHARAN AFRICA,SOUTHERN AFRICA,,,False
SDN,Sudan,ÁFRICA AL SUR DEL SAHARA (EXCLUIDO ALTOS INGRESOS),NORTHERN AFRICA,,,,False
SSD,Sudan Del Sur,ÁFRICA AL SUR DEL SAHARA (EXCLUIDO ALTOS INGRESOS),SUB-SAHARAN AFRICA,EASTERN AFRICA,,,False
SWE,Suecia,,NORTHERN EUROPE,,,,False
CHE,Suiza,,WESTERN EUROPE,,,,False
SUR,Suriname,AMÉRICA LATINA Y EL CARIBE (EXCLUIDO ALTOS INGRESOS),LATIN AMERICA AND THE CARIBBEAN,SOUTH AMERICA,,,False
THA,Tailandia,ASIA ORIENTAL Y EL PACÍFICO (EXCLUIDO ALTOS INGRESOS),SOUTH-EASTERN ASIA,,,,False
TZA,Tanzania,ÁFRICA AL SUR DEL SAHARA (EXCLUIDO ALTOS INGRESOS),SUB-SAHARAN AFRICA,EASTERN AFRICA,,,False
TJK,Tayikistan,EUROPA Y ASIA CENTRAL (EXCLUIDO ALTOS INGRESOS),CENTRAL ASIA,,,,False
TLS,Timor-Leste,ASIA ORIENTAL Y EL PACÍFICO (EXCLUIDO ALTOS INGRESOS),SOUTH-EASTERN ASIA,,,,False
TGO,Togo,ÁFRICA AL SUR DEL SAHARA (EXCLUIDO ALTOS INGRESOS),SUB-SAHARAN AFRICA,WESTERN AFRICA,,,False
TON,Tonga,ASIA ORIENTAL Y EL PACÍFICO (EXCLUIDO ALTOS INGRESOS),POLYNESIA,,,,False
TTO,Trinidad Y Tobago,,LATIN AMERICA AND THE CARIBBEAN,CARIBBEAN,,,False
TUN,Tunez,ORIENTE MEDIO Y NORTE DE ÁFRICA (EXCLUIDO ALTOS INGRESOS),NORTHERN AFRICA,,,,False
TKM,Turkmenistan,EUROPA Y ASIA CENTRAL (EXCLUIDO ALTOS INGRESOS),CENTRAL ASIA,,,,False
TUR,Turquia,EUROPA Y ASIA CENTRAL (EXCLUIDO ALTOS INGRESOS),WESTERN ASIA,,,,False
TUV,Tuvalu,ASIA ORIENTAL Y EL PACÍFICO (EXCLUIDO ALTOS INGRESOS),POLYNESIA,,,,False
UKR,Ucrania,EUROPA Y ASIA CENTRAL (EXCLUIDO ALTOS INGRESOS),EASTERN EUROPE,,,,False
UGA,Uganda,ÁFRICA AL SUR DEL SAHARA (EXCLUIDO ALTOS INGRESOS),SUB-SAHARAN AFRICA,EASTERN AFRICA,,,False
URY,Uruguay,,LATIN AMERICA AND THE CARIBBEAN,SOUTH AMERICA,,,False
UZB,Uzbekistan,EUROPA Y ASIA CENTRAL (EXCLUIDO ALTOS INGRESOS),CENTRAL ASIA,,,,False
VUT,Vanuatu,ASIA ORIENTAL Y EL PACÍFICO (EXCLUIDO ALTOS INGRESOS),MELANESIA,,,,False
VEN,Venezuela,,LATIN AMERICA AND THE CARIBBEAN,SOUTH AMERICA,,,False
VNM,Viet Nam,ASIA ORIENTAL Y EL PACÍFICO (EXCLUIDO ALTOS INGRESOS),SOUTH-EASTERN ASIA,,,,False
YEM,"Yemen, Rep. Del",ORIENTE MEDIO Y NORTE DE ÁFRICA (EXCLUIDO ALTOS INGRESOS),WESTERN ASIA,,,,False
ZMB,Zambia,ÁFRICA AL SUR DEL SAHARA (EXCLUIDO ALTOS INGRESOS),SUB-SAHARAN AFRICA,EASTERN AFRICA,,,False
ZWE,Zimbabwe,ÁFRICA AL SUR DEL SAHARA (EXCLUIDO ALTOS INGRESOS),SUB-SAHARAN AFRICA,EASTERN AFRICA,,,False
MIC,INGRESO MEDIANO,,,,AGREGADOS,,True
SSF,Africa Al Sur Del Sahara,,,,AGREGADOS,,True
TSS,Africa Al Sur Del Sahara (Birf Y La Aif),,,,AGREGADOS,,True
SSA,Africa Al Sur Del Sahara (Excluido Altos Ingresos),,,,AGREGADOS,,True
NAC,America Del Norte,,,,AGREGADOS,,True
LCN,America Latina Y El Caribe,,,,AGREGADOS,,True
TLA,America Latina Y El Caribe (Birf Y La Aif),,,,AGREGADOS,,True
LAC,America Latina Y El Caribe (Excluido Altos Ingresos),,,,AGREGADOS,,True
SAS,Asia Meridional,,,,AGREGADOS,,True
TSA,Asia Meridional (Birf Y La Aif),,,,AGREGADOS,,True
EAS,Asia Oriental Y El Pacifico,,,,AGREGADOS,,True
TEA,Asia Oriental Y El Pacifico (Birf Y La Aif),,,,AGREGADOS,,True
EAP,Asia Oriental Y El Pacifico (Excluido Altos Ingresos),,,,AGREGADOS,,True
LTE,Avanzada Del Dividendo Demografico,,,,AGREGADOS,,True
IBT,Birf Y La Aif,,,,AGREGADOS,,True
ARB,El Mundo Arabe,,,,AGREGADOS,,True
PSS,Estados Pequeos De Las Islas Del Pacfico,,,,AGREGADOS,,True
CSS,Estados Pequeos Del Caribe,,,,AGREGADOS,,True
CEB,Europa Central Y Del Baltico,,,,AGREGADOS,,True
ECS,Europa Y Asia Central,,,,AGREGADOS,,True
TEC,Europa Y Asia Central (Birf Y La Aif),,,,AGREGADOS,,True
ECA,Europa Y Asia Central (Excluido Altos Ingresos),,,,AGREGADOS,,True
FCS,Fragiles Y Situaciones De Conflicto Afectados,,,,AGREGADOS,,True
HIC,INGRESO ALTO,,,,AGREGADOS,,True
UMC,Ingreso Mediano Alto,,,,AGREGADOS,,True
LMY,Ingreso Mediano Y Bajo,,,,AGREGADOS,,True
EAR,Inicial Del Dividendo Demografico,,,,AGREGADOS,,True
CHI,Islas Del Canal,,,,INGRESO ALTO,,False
XKX,Kosovo,EUROPA Y ASIA CENTRAL (EXCLUIDO ALTOS INGRESOS),,,INGRESO MEDIANO ALTO,,False
IDB,Mezcla De La Aif,,,,AGREGADOS,,True
OED,Miembros Ocde,,,,AGREGADOS,,True
WLD,Mundo,,,,AGREGADOS,,True
INX,No Clasificado,,,,AGREGADOS,,True
MEA,Oriente Medio Y Norte De Africa,,,,AGREGADOS,,True
TMN,Oriente Medio Y Norte De Africa (Birf Y La Aif),,,,AGREGADOS,,True
MNA,Oriente Medio Y Norte De Africa (Excluido Altos Ingresos),,,,AGREGADOS,,True
OSS,Otros Estados Pequeos,,,,AGREGADOS,,True
LIC,Paises De Ingreso Bajo,,,,AGREGADOS,,True
LMC,Paises De Ingreso Mediano Bajo,,,,AGREGADOS,,True
LDC,Paises Menos Desarrollados: Clasificacion De Las Naciones Unidas,,,,AGREGADOS,,True
HPC,Paises Pobres Muy Endeudados (Ppme),,,,AGREGADOS,,True
SST,Pequenos Estados,,,,AGREGADOS,,True
PST,Posterior Al Dividendo Demografico,,,,AGREGADOS,,True
PRE,Previa Al Dividendo Demografico,,,,AGREGADOS,,True
IDX,Solo Aif,,,,AGREGADOS,,True
IBD,Solo Birf,,,,AGREGADOS,,True
IDA,Total De La Aif,,,,AGREGADOS,,True
EUU,Union Europea,,,,AGREGADOS,,True
EMU,Zona Del Euro,,,,AGREGADOS,,True
AFE,,,,,AGREGADOS,,True
AFW,,,,,AGREGADOS,,True
AFE,,NO DATA,,,AGREGADOS,,True
AFW,,NO DATA,,,AGREGADOS,,True
ARB,,NO DATA,,,AGREGADOS,EL MUNDO ÁRABE,True
CEB,,NO DATA,,,AGREGADOS,EUROPA CENTRAL Y DEL BÁLTICO,True
CHI,,NO DATA,,,INGRESO ALTO,ISLAS DEL CANAL,False
CSS,,NO DATA,,,AGREGADOS,ESTADOS PEQUEOS DEL CARIBE,True
EAP,,NO DATA,,,AGREGADOS,ASIA ORIENTAL Y EL PACÍFICO (EXCLUIDO ALTOS INGRESOS),True
EAR,,NO DATA,,,AGREGADOS,INICIAL DEL DIVIDENDO DEMOGRÁFICO,True
EAS,,NO DATA,,,AGREGADOS,ASIA ORIENTAL Y EL PACÍFICO,True
ECA,,NO DATA,,,AGREGADOS,EUROPA Y ASIA CENTRAL (EXCLUIDO ALTOS INGRESOS),True
ECS,,NO DATA,,,AGREGADOS,EUROPA Y ASIA CENTRAL,True
EMU,,NO DATA,,,AGREGADOS,ZONA DEL EURO,True
EUU,,NO DATA,,,AGREGADOS,UNIÓN EUROPEA,True
FCS,,NO DATA,,,AGREGADOS,FRÁGILES Y SITUACIONES DE CONFLICTO AFECTADOS,True
HIC,,NO DATA,,,AGREGADOS,INGRESO ALTO,True
HPC,,NO DATA,,,AGREGADOS,PAÍSES POBRES MUY ENDEUDADOS (PPME),True
IBD,,NO DATA,,,AGREGADOS,SÓLO BIRF,True
IBT,,NO DATA,,,AGREGADOS,BIRF Y LA AIF,True
IDA,,NO DATA,,,AGREGADOS,TOTAL DE LA AIF,True
IDB,,NO DATA,,,AGREGADOS,MEZCLA DE LA AIF,True
IDX,,NO DATA,,,AGREGADOS,SÓLO AIF,True
INX,,NO DATA,,,AGREGADOS,NO CLASIFICADO,True
LAC,,NO DATA,,,AGREGADOS,AMÉRICA LATINA Y EL CARIBE (EXCLUIDO ALTOS INGRESOS),True
LCN,,NO DATA,,,AGREGADOS,AMÉRICA LATINA Y EL CARIBE,True
LDC,,NO DATA,,,AGREGADOS,PAÍSES MENOS DESARROLLADOS: CLASIFICACIÓN DE LAS NACIONES UNIDAS,True
LIC,,NO DATA,,,AGREGADOS,PAÍSES DE INGRESO BAJO,True
LMC,,NO DATA,,,AGREGADOS,PAÍSES DE INGRESO MEDIANO BAJO,True
LMY,,NO DATA,,,AGREGADOS,INGRESO MEDIANO Y BAJO,True
LTE,,NO DATA,,,AGREGADOS,AVANZADA DEL DIVIDENDO DEMOGRÁFICO,True
MEA,,NO DATA,,,AGREGADOS,ORIENTE MEDIO Y NORTE DE ÁFRICA,True
MIC,,NO DATA,,,AGREGADOS, INGRESO MEDIANO,True
MNA,,NO DATA,,,AGREGADOS,ORIENTE MEDIO Y NORTE DE ÁFRICA (EXCLUIDO ALTOS INGRESOS),True
NAC,,NO DATA,,,AGREGADOS,AMÉRICA DEL NORTE,True
OED,,NO DATA,,,AGREGADOS,MIEMBROS OCDE,True
OSS,,NO DATA,,,AGREGADOS,OTROS ESTADOS PEQUEOS,True
PRE,,NO DATA,,,AGREGADOS,PREVIA AL DIVIDENDO DEMOGRÁFICO,True
PSS,,NO DATA,,,AGREGADOS,ESTADOS PEQUEOS DE LAS ISLAS DEL PACFICO,True
PST,,NO DATA,,,AGREGADOS,POSTERIOR AL DIVIDENDO DEMOGRÁFICO,True
SAS,,NO DATA,,,AGREGADOS,ASIA MERIDIONAL,True
SSA,,NO DATA,,,AGREGADOS,ÁFRICA AL SUR DEL SAHARA (EXCLUIDO ALTOS INGRESOS),True
SSF,,NO DATA,,,AGREGADOS,ÁFRICA AL SUR DEL SAHARA,True
SST,,NO DATA,,,AGREGADOS,PEQUEÑOS ESTADOS,True
TEA,,NO DATA,,,AGREGADOS,ASIA ORIENTAL Y EL PACÍFICO (BIRF Y LA AIF),True
TEC,,NO DATA,,,AGREGADOS,EUROPA Y ASIA CENTRAL (BIRF Y LA AIF),True
TLA,,NO DATA,,,AGREGADOS,AMÉRICA LATINA Y EL CARIBE (BIRF Y LA AIF),True
TMN,,NO DATA,,,AGREGADOS,ORIENTE MEDIO Y NORTE DE ÁFRICA (BIRF Y LA AIF),True
TSA,,NO DATA,,,AGREGADOS,ASIA MERIDIONAL (BIRF Y LA AIF),True
TSS,,NO DATA,,,AGREGADOS,ÁFRICA AL SUR DEL SAHARA (BIRF Y LA AIF),True
UMC,,NO DATA,,,AGREGADOS,INGRESO MEDIANO ALTO,True
WLD,,NO DATA,,,AGREGADOS,MUNDO,True
XKX,,EUROPA Y ASIA CENTRAL (EXCLUIDO ALTOS INGRESOS),,,INGRESO MEDIANO ALTO,KOSOVO,False
