country_code,country_name,region,sub_region,intermediate_region,income_group,organization_name
MIC, INGRESO MEDIANO,,,,AGREGADOS,
SSF,AFRICA AL SUR DEL SAHARA,,,,AGREGADOS,
TSS,AFRICA AL SUR DEL SAHARA (BIRF Y LA AIF),,,,AGREGADOS,
SSA,AFRICA AL SUR DEL SAHARA (EXCLUIDO ALTOS INGRESOS),,,,AGREGADOS,
NAC,AMERICA DEL NORTE,,,,AGREGADOS,
LCN,AMERICA LATINA Y EL CARIBE,,,,AGREGADOS,
TLA,AMERICA LATINA Y EL CARIBE (BIRF Y LA AIF),,,,AGREGADOS,
LAC,AMERICA LATINA Y EL CARIBE (EXCLUIDO ALTOS INGRESOS),,,,AGREGADOS,
SAS,ASIA MERIDIONAL,,,,AGREGADOS,
TSA,ASIA MERIDIONAL (BIRF Y LA AIF),,,,AGREGADOS,
EAS,ASIA ORIENTAL Y EL PACIFICO,,,,AGREGADOS,
TEA,ASIA ORIENTAL Y EL PACIFICO (BIRF Y LA AIF),,,,AGREGADOS,
EAP,ASIA ORIENTAL Y EL PACIFICO (EXCLUIDO ALTOS INGRESOS),,,,AGREGADOS,
LTE,AVANZADA DEL DIVIDENDO DEMOGRAFICO,,,,AGREGADOS,
IBT,BIRF Y LA AIF,,,,AGREGADOS,
ARB,EL MUNDO ARABE,,,,AGREGADOS,
PSS,ESTADOS PEQUEOS DE LAS ISLAS DEL PACFICO,,,,AGREGADOS,
CSS,ESTADOS PEQUEOS DEL CARIBE,,,,AGREGADOS,
CEB,EUROPA CENTRAL Y DEL BALTICO,,,,AGREGADOS,
ECS,EUROPA Y ASIA CENTRAL,,,,AGREGADOS,
TEC,EUROPA Y ASIA CENTRAL (BIRF Y LA AIF),,,,AGREGADOS,
ECA,EUROPA Y ASIA CENTRAL (EXCLUIDO ALTOS INGRESOS),,,,AGREGADOS,
FCS,FRAGILES Y SITUACIONES DE CONFLICTO AFECTADOS,,,,AGREGADOS,
HIC,INGRESO ALTO,,,,AGREGADOS,
UMC,INGRESO MEDIANO ALTO,,,,AGREGADOS,
LMY,INGRESO MEDIANO Y BAJO,,,,AGREGADOS,
EAR,INICIAL DEL DIVIDENDO DEMOGRAFICO,,,,AGREGADOS,
CHI,ISLAS DEL CANAL,,,,INGRESO ALTO,
XKX,KOSOVO,EUROPA Y ASIA CENTRAL (EXCLUIDO ALTOS INGRESOS),,,INGRESO MEDIANO ALTO,
IDB,MEZCLA DE LA AIF,,,,AGREGADOS,
OED,MIEMBROS OCDE,,,,AGREGADOS,
WLD,MUNDO,,,,AGREGADOS,
INX,NO CLASIFICADO,,,,AGREGADOS,
MEA,ORIENTE MEDIO Y NORTE DE AFRICA,,,,AGREGADOS,
TMN,ORIENTE MEDIO Y NORTE DE AFRICA (BIRF Y LA AIF),,,,AGREGADOS,
MNA,ORIENTE MEDIO Y NORTE DE AFRICA (EXCLUIDO ALTOS INGRESOS),,,,AGREGADOS,
OSS,OTROS ESTADOS PEQUEOS,,,,AGREGADOS,
LIC,PAISES DE INGRESO BAJO,,,,AGREGADOS,
LMC,PAISES DE INGRESO MEDIANO BAJO,,,,AGREGADOS,
LDC,PAISES MENOS DESARROLLADOS: CLASIFICACION DE LAS NACIONES UNIDAS,,,,AGREGADOS,
HPC,PAISES POBRES MUY ENDEUDADOS (PPME),,,,AGREGADOS,
SST,PEQUENOS ESTADOS,,,,AGREGADOS,
PST,POSTERIOR AL DIVIDENDO DEMOGRAFICO,,,,AGREGADOS,
PRE,PREVIA AL DIVIDENDO DEMOGRAFICO,,,,AGREGADOS,
IDX,SOLO AIF,,,,AGREGADOS,
IBD,SOLO BIRF,,,,AGREGADOS,
IDA,TOTAL DE LA AIF,,,,AGREGADOS,
EUU,UNION EUROPEA,,,,AGREGADOS,
EMU,ZONA DEL EURO,,,,AGREGADOS,
AFE,,,,,AGREGADOS,
AFW,,,,,AGREGADOS,
ABW,ARUBA,AMERICAS,LATIN AMERICA AND THE CARIBBEAN,CARIBBEAN,INGRESO ALTO,
AFG,AFGHANISTAN,ASIA,SOUTHERN ASIA,NO DATA,PAÍSES DE INGRESO BAJO,
AGO,ANGOLA,AFRICA,SUB-SAHARAN AFRICA,MIDDLE AFRICA,PAÍSES DE INGRESO MEDIANO BAJO,
ALB,ALBANIA,EUROPE,SOUTHERN EUROPE,NO DATA,INGRESO MEDIANO ALTO,
AND,ANDORRA,EUROPE,SOUTHERN EUROPE,NO DATA,INGRESO ALTO,
ARE,UNITED ARAB EMIRATES,ASIA,WESTERN ASIA,NO DATA,INGRESO ALTO,
ARG,ARGENTINA,AMERICAS,LATIN AMERICA AND THE CARIBBEAN,SOUTH AMERICA,INGRESO MEDIANO ALTO,
ARM,ARMENIA,ASIA,WESTERN ASIA,NO DATA,INGRESO MEDIANO ALTO,
ASM,AMERICAN SAMOA,OCEANIA,POLYNESIA,NO DATA,INGRESO ALTO,
ATG,ANTIGUA AND BARBUDA,AMERICAS,LATIN AMERICA AND THE CARIBBEAN,CARIBBEAN,INGRESO ALTO,
AUS,AUSTRALIA,OCEANIA,AUSTRALIA AND NEW ZEALAND,NO DATA,INGRESO ALTO,
AUT,AUSTRIA,EUROPE,WESTERN EUROPE,NO DATA,INGRESO ALTO,
AZE,AZERBAIJAN,ASIA,WESTERN ASIA,NO DATA,INGRESO MEDIANO ALTO,
BDI,BURUNDI,AFRICA,SUB-SAHARAN AFRICA,EASTERN AFRICA,PAÍSES DE INGRESO BAJO,
BEL,BELGIUM,EUROPE,WESTERN EUROPE,NO DATA,INGRESO ALTO,
BEN,BENIN,AFRICA,SUB-SAHARAN AFRICA,WESTERN AFRICA,PAÍSES DE INGRESO MEDIANO BAJO,
BFA,BURKINA FASO,AFRICA,SUB-SAHARAN AFRICA,WESTERN AFRICA,PAÍSES DE INGRESO BAJO,
BGD,BANGLADESH,ASIA,SOUTHERN ASIA,NO DATA,PAÍSES DE INGRESO MEDIANO BAJO,
BGR,BULGARIA,EUROPE,EASTERN EUROPE,NO DATA,INGRESO ALTO,
BHR,BAHRAIN,ASIA,WESTERN ASIA,NO DATA,INGRESO ALTO,
BHS,BAHAMAS,AMERICAS,LATIN AMERICA AND THE CARIBBEAN,CARIBBEAN,INGRESO ALTO,
BIH,BOSNIA AND HERZEGOVINA,EUROPE,SOUTHERN EUROPE,NO DATA,INGRESO MEDIANO ALTO,
BLR,BELARUS,EUROPE,EASTERN EUROPE,NO DATA,INGRESO MEDIANO ALTO,
BLZ,BELIZE,AMERICAS,LATIN AMERICA AND THE CARIBBEAN,CENTRAL AMERICA,INGRESO MEDIANO ALTO,
BMU,BERMUDA,AMERICAS,NORTHERN AMERICA,NO DATA,INGRESO ALTO,
BOL,BOLIVIA (PLURINATIONAL STATE OF),AMERICAS,LATIN AMERICA AND THE CARIBBEAN,SOUTH AMERICA,PAÍSES DE INGRESO MEDIANO BAJO,
BRA,BRAZIL,AMERICAS,LATIN AMERICA AND THE CARIBBEAN,SOUTH AMERICA,INGRESO MEDIANO ALTO,
BRB,BARBADOS,AMERICAS,LATIN AMERICA AND THE CARIBBEAN,CARIBBEAN,INGRESO ALTO,
BRN,BRUNEI DARUSSALAM,ASIA,SOUTH-EASTERN ASIA,NO DATA,INGRESO ALTO,
BTN,BHUTAN,ASIA,SOUTHERN ASIA,NO DATA,PAÍSES DE INGRESO MEDIANO BAJO,
BWA,BOTSWANA,AFRICA,SUB-SAHARAN AFRICA,SOUTHERN AFRICA,INGRESO MEDIANO ALTO,
CAF,CENTRAL AFRICAN REPUBLIC,AFRICA,SUB-SAHARAN AFRICA,MIDDLE AFRICA,PAÍSES DE INGRESO BAJO,
CAN,CANADA,AMERICAS,NORTHERN AMERICA,NO DATA,INGRESO ALTO,
CHE,SWITZERLAND,EUROPE,WESTERN EUROPE,NO DATA,INGRESO ALTO,
CHL,CHILE,AMERICAS,LATIN AMERICA AND THE CARIBBEAN,SOUTH AMERICA,INGRESO ALTO,
CHN,CHINA,ASIA,EASTERN ASIA,NO DATA,INGRESO MEDIANO ALTO,
CIV,CÔTE D'IVOIRE,AFRICA,SUB-SAHARAN AFRICA,WESTERN AFRICA,PAÍSES DE INGRESO MEDIANO BAJO,
CMR,CAMEROON,AFRICA,SUB-SAHARAN AFRICA,MIDDLE AFRICA,PAÍSES DE INGRESO MEDIANO BAJO,
COD,"CONGO, DEMOCRATIC REPUBLIC OF THE",AFRICA,SUB-SAHARAN AFRICA,MIDDLE AFRICA,PAÍSES DE INGRESO BAJO,
COG,CONGO,AFRICA,SUB-SAHARAN AFRICA,MIDDLE AFRICA,PAÍSES DE INGRESO MEDIANO BAJO,
COL,COLOMBIA,AMERICAS,LATIN AMERICA AND THE CARIBBEAN,SOUTH AMERICA,INGRESO MEDIANO ALTO,
COM,COMOROS,AFRICA,SUB-SAHARAN AFRICA,EASTERN AFRICA,PAÍSES DE INGRESO MEDIANO BAJO,
CPV,CABO VERDE,AFRICA,SUB-SAHARAN AFRICA,WESTERN AFRICA,PAÍSES DE INGRESO MEDIANO BAJO,
CRI,COSTA RICA,AMERICAS,LATIN AMERICA AND THE CARIBBEAN,CENTRAL AMERICA,INGRESO MEDIANO ALTO,
CUB,CUBA,AMERICAS,LATIN AMERICA AND THE CARIBBEAN,CARIBBEAN,INGRESO MEDIANO ALTO,
CUW,CURAÇAO,AMERICAS,LATIN AMERICA AND THE CARIBBEAN,CARIBBEAN,INGRESO ALTO,
CYM,CAYMAN ISLANDS,AMERICAS,LATIN AMERICA AND THE CARIBBEAN,CARIBBEAN,INGRESO ALTO,
CYP,CYPRUS,ASIA,WESTERN ASIA,NO DATA,INGRESO ALTO,
CZE,CZECHIA,EUROPE,EASTERN EUROPE,NO DATA,INGRESO ALTO,
DEU,GERMANY,EUROPE,WESTERN EUROPE,NO DATA,INGRESO ALTO,
DJI,DJIBOUTI,AFRICA,SUB-SAHARAN AFRICA,EASTERN AFRICA,PAÍSES DE INGRESO MEDIANO BAJO,
DMA,DOMINICA,AMERICAS,LATIN AMERICA AND THE CARIBBEAN,CARIBBEAN,INGRESO MEDIANO ALTO,
DNK,DENMARK,EUROPE,NORTHERN EUROPE,NO DATA,INGRESO ALTO,
DOM,DOMINICAN REPUBLIC,AMERICAS,LATIN AMERICA AND THE CARIBBEAN,CARIBBEAN,INGRESO MEDIANO ALTO,
DZA,ALGERIA,AFRICA,NORTHERN AFRICA,NO DATA,INGRESO MEDIANO ALTO,
ECU,ECUADOR,AMERICAS,LATIN AMERICA AND THE CARIBBEAN,SOUTH AMERICA,INGRESO MEDIANO ALTO,
EGY,EGYPT,AFRICA,NORTHERN AFRICA,NO DATA,PAÍSES DE INGRESO MEDIANO BAJO,
ERI,ERITREA,AFRICA,SUB-SAHARAN AFRICA,EASTERN AFRICA,PAÍSES DE INGRESO BAJO,
ESP,SPAIN,EUROPE,SOUTHERN EUROPE,NO DATA,INGRESO ALTO,
EST,ESTONIA,EUROPE,NORTHERN EUROPE,NO DATA,INGRESO ALTO,
ETH,ETHIOPIA,AFRICA,SUB-SAHARAN AFRICA,EASTERN AFRICA,PAÍSES DE INGRESO BAJO,
FIN,FINLAND,EUROPE,NORTHERN EUROPE,NO DATA,INGRESO ALTO,
FJI,FIJI,OCEANIA,MELANESIA,NO DATA,INGRESO MEDIANO ALTO,
FRA,FRANCE,EUROPE,WESTERN EUROPE,NO DATA,INGRESO ALTO,
FRO,FAROE ISLANDS,EUROPE,NORTHERN EUROPE,NO DATA,INGRESO ALTO,
FSM,MICRONESIA (FEDERATED STATES OF),OCEANIA,MICRONESIA,NO DATA,PAÍSES DE INGRESO MEDIANO BAJO,
GAB,GABON,AFRICA,SUB-SAHARAN AFRICA,MIDDLE AFRICA,INGRESO MEDIANO ALTO,
GBR,UNITED KINGDOM OF GREAT BRITAIN AND NORTHERN IRELAND,EUROPE,NORTHERN EUROPE,NO DATA,INGRESO ALTO,
GEO,GEORGIA,ASIA,WESTERN ASIA,NO DATA,INGRESO MEDIANO ALTO,
GHA,GHANA,AFRICA,SUB-SAHARAN AFRICA,WESTERN AFRICA,PAÍSES DE INGRESO MEDIANO BAJO,
GIB,GIBRALTAR,EUROPE,SOUTHERN EUROPE,NO DATA,INGRESO ALTO,
GIN,GUINEA,AFRICA,SUB-SAHARAN AFRICA,WESTERN AFRICA,PAÍSES DE INGRESO MEDIANO BAJO,
GMB,GAMBIA,AFRICA,SUB-SAHARAN AFRICA,WESTERN AFRICA,PAÍSES DE INGRESO BAJO,
GNB,GUINEA-BISSAU,AFRICA,SUB-SAHARAN AFRICA,WESTERN AFRICA,PAÍSES DE INGRESO BAJO,
GNQ,EQUATORIAL GUINEA,AFRICA,SUB-SAHARAN AFRICA,MIDDLE AFRICA,INGRESO MEDIANO ALTO,
GRC,GREECE,EUROPE,SOUTHERN EUROPE,NO DATA,INGRESO ALTO,
GRD,GRENADA,AMERICAS,LATIN AMERICA AND THE CARIBBEAN,CARIBBEAN,INGRESO MEDIANO ALTO,
GRL,GREENLAND,AMERICAS,NORTHERN AMERICA,NO DATA,INGRESO ALTO,
GTM,GUATEMALA,AMERICAS,LATIN AMERICA AND THE CARIBBEAN,CENTRAL AMERICA,INGRESO MEDIANO ALTO,
GUM,GUAM,OCEANIA,MICRONESIA,NO DATA,INGRESO ALTO,
GUY,GUYANA,AMERICAS,LATIN AMERICA AND THE CARIBBEAN,SOUTH AMERICA,INGRESO ALTO,
HKG,HONG KONG,ASIA,EASTERN ASIA,NO DATA,INGRESO ALTO,
HND,HONDURAS,AMERICAS,LATIN AMERICA AND THE CARIBBEAN,CENTRAL AMERICA,PAÍSES DE INGRESO MEDIANO BAJO,
HRV,CROATIA,EUROPE,SOUTHERN EUROPE,NO DATA,INGRESO ALTO,
HTI,HAITI,AMERICAS,LATIN AMERICA AND THE CARIBBEAN,CARIBBEAN,PAÍSES DE INGRESO MEDIANO BAJO,
HUN,HUNGARY,EUROPE,EASTERN EUROPE,NO DATA,INGRESO ALTO,
IDN,INDONESIA,ASIA,SOUTH-EASTERN ASIA,NO DATA,INGRESO MEDIANO ALTO,
IMN,ISLE OF MAN,EUROPE,NORTHERN EUROPE,NO DATA,INGRESO ALTO,
IND,INDIA,ASIA,SOUTHERN ASIA,NO DATA,PAÍSES DE INGRESO MEDIANO BAJO,
IRL,IRELAND,EUROPE,NORTHERN EUROPE,NO DATA,INGRESO ALTO,
IRN,IRAN (ISLAMIC REPUBLIC OF),ASIA,SOUTHERN ASIA,NO DATA,INGRESO MEDIANO ALTO,
IRQ,IRAQ,ASIA,WESTERN ASIA,NO DATA,INGRESO MEDIANO ALTO,
ISL,ICELAND,EUROPE,NORTHERN EUROPE,NO DATA,INGRESO ALTO,
ISR,ISRAEL,ASIA,WESTERN ASIA,NO DATA,INGRESO ALTO,
ITA,ITALY,EUROPE,SOUTHERN EUROPE,NO DATA,INGRESO ALTO,
JAM,JAMAICA,AMERICAS,LATIN AMERICA AND THE CARIBBEAN,CARIBBEAN,INGRESO MEDIANO ALTO,
JOR,JORDAN,ASIA,WESTERN ASIA,NO DATA,PAÍSES DE INGRESO MEDIANO BAJO,
JPN,JAPAN,ASIA,EASTERN ASIA,NO DATA,INGRESO ALTO,
KAZ,KAZAKHSTAN,ASIA,CENTRAL ASIA,NO DATA,INGRESO MEDIANO ALTO,
KEN,KENYA,AFRICA,SUB-SAHARAN AFRICA,EASTERN AFRICA,PAÍSES DE INGRESO MEDIANO BAJO,
KGZ,KYRGYZSTAN,ASIA,CENTRAL ASIA,NO DATA,PAÍSES DE INGRESO MEDIANO BAJO,
KHM,CAMBODIA,ASIA,SOUTH-EASTERN ASIA,NO DATA,PAÍSES DE INGRESO MEDIANO BAJO,
KIR,KIRIBATI,OCEANIA,MICRONESIA,NO DATA,PAÍSES DE INGRESO MEDIANO BAJO,
KNA,SAINT KITTS AND NEVIS,AMERICAS,LATIN AMERICA AND THE CARIBBEAN,CARIBBEAN,INGRESO ALTO,
KOR,"KOREA, REPUBLIC OF",ASIA,EASTERN ASIA,NO DATA,INGRESO ALTO,
KWT,KUWAIT,ASIA,WESTERN ASIA,NO DATA,INGRESO ALTO,
LAO,LAO PEOPLE'S DEMOCRATIC REPUBLIC,ASIA,SOUTH-EASTERN ASIA,NO DATA,PAÍSES DE INGRESO MEDIANO BAJO,
LBN,LEBANON,ASIA,WESTERN ASIA,NO DATA,PAÍSES DE INGRESO MEDIANO BAJO,
LBR,LIBERIA,AFRICA,SUB-SAHARAN AFRICA,WESTERN AFRICA,PAÍSES DE INGRESO BAJO,
LBY,LIBYA,AFRICA,NORTHERN AFRICA,NO DATA,INGRESO MEDIANO ALTO,
LCA,SAINT LUCIA,AMERICAS,LATIN AMERICA AND THE CARIBBEAN,CARIBBEAN,INGRESO MEDIANO ALTO,
LIE,LIECHTENSTEIN,EUROPE,WESTERN EUROPE,NO DATA,INGRESO ALTO,
LKA,SRI LANKA,ASIA,SOUTHERN ASIA,NO DATA,PAÍSES DE INGRESO MEDIANO BAJO,
LSO,LESOTHO,AFRICA,SUB-SAHARAN AFRICA,SOUTHERN AFRICA,PAÍSES DE INGRESO MEDIANO BAJO,
LTU,LITHUANIA,EUROPE,NORTHERN EUROPE,NO DATA,INGRESO ALTO,
LUX,LUXEMBOURG,EUROPE,WESTERN EUROPE,NO DATA,INGRESO ALTO,
LVA,LATVIA,EUROPE,NORTHERN EUROPE,NO DATA,INGRESO ALTO,
MAC,MACAO,ASIA,EASTERN ASIA,NO DATA,INGRESO ALTO,
MAF,SAINT MARTIN (FRENCH PART),AMERICAS,LATIN AMERICA AND THE CARIBBEAN,CARIBBEAN,INGRESO ALTO,
MAR,MOROCCO,AFRICA,NORTHERN AFRICA,NO DATA,PAÍSES DE INGRESO MEDIANO BAJO,
MCO,MONACO,EUROPE,WESTERN EUROPE,NO DATA,INGRESO ALTO,
MDA,"MOLDOVA, REPUBLIC OF",EUROPE,EASTERN EUROPE,NO DATA,INGRESO MEDIANO ALTO,
MDG,MADAGASCAR,AFRICA,SUB-SAHARAN AFRICA,EASTERN AFRICA,PAÍSES DE INGRESO BAJO,
MDV,MALDIVES,ASIA,SOUTHERN ASIA,NO DATA,INGRESO MEDIANO ALTO,
MEX,MEXICO,AMERICAS,LATIN AMERICA AND THE CARIBBEAN,CENTRAL AMERICA,INGRESO MEDIANO ALTO,
MHL,MARSHALL ISLANDS,OCEANIA,MICRONESIA,NO DATA,INGRESO MEDIANO ALTO,
MKD,NORTH MACEDONIA,EUROPE,SOUTHERN EUROPE,NO DATA,INGRESO MEDIANO ALTO,
MLI,MALI,AFRICA,SUB-SAHARAN AFRICA,WESTERN AFRICA,PAÍSES DE INGRESO BAJO,
MLT,MALTA,EUROPE,SOUTHERN EUROPE,NO DATA,INGRESO ALTO,
MMR,MYANMAR,ASIA,SOUTH-EASTERN ASIA,NO DATA,PAÍSES DE INGRESO MEDIANO BAJO,
MNE,MONTENEGRO,EUROPE,SOUTHERN EUROPE,NO DATA,INGRESO MEDIANO ALTO,
MNG,MONGOLIA,ASIA,EASTERN ASIA,NO DATA,INGRESO MEDIANO ALTO,
MNP,NORTHERN MARIANA ISLANDS,OCEANIA,MICRONESIA,NO DATA,INGRESO ALTO,
MOZ,MOZAMBIQUE,AFRICA,SUB-SAHARAN AFRICA,EASTERN AFRICA,PAÍSES DE INGRESO BAJO,
MRT,MAURITANIA,AFRICA,SUB-SAHARAN AFRICA,WESTERN AFRICA,PAÍSES DE INGRESO MEDIANO BAJO,
MUS,MAURITIUS,AFRICA,SUB-SAHARAN AFRICA,EASTERN AFRICA,INGRESO MEDIANO ALTO,
MWI,MALAWI,AFRICA,SUB-SAHARAN AFRICA,EASTERN AFRICA,PAÍSES DE INGRESO BAJO,
MYS,MALAYSIA,ASIA,SOUTH-EASTERN ASIA,NO DATA,INGRESO MEDIANO ALTO,
NAM,NAMIBIA,AFRICA,SUB-SAHARAN AFRICA,SOUTHERN AFRICA,INGRESO MEDIANO ALTO,
NCL,NEW CALEDONIA,OCEANIA,MELANESIA,NO DATA,INGRESO ALTO,
NER,NIGER,AFRICA,SUB-SAHARAN AFRICA,WESTERN AFRICA,PAÍSES DE INGRESO BAJO,
NGA,NIGERIA,AFRICA,SUB-SAHARAN AFRICA,WESTERN AFRICA,PAÍSES DE INGRESO MEDIANO BAJO,
NIC,NICARAGUA,AMERICAS,LATIN AMERICA AND THE CARIBBEAN,CENTRAL AMERICA,PAÍSES DE INGRESO MEDIANO BAJO,
NLD,NETHERLANDS,EUROPE,WESTERN EUROPE,NO DATA,INGRESO ALTO,
NOR,NORWAY,EUROPE,NORTHERN EUROPE,NO DATA,INGRESO ALTO,
NPL,NEPAL,ASIA,SOUTHERN ASIA,NO DATA,PAÍSES DE INGRESO MEDIANO BAJO,
NRU,NAURU,OCEANIA,MICRONESIA,NO DATA,INGRESO ALTO,
NZL,NEW ZEALAND,OCEANIA,AUSTRALIA AND NEW ZEALAND,NO DATA,INGRESO ALTO,
OMN,OMAN,ASIA,WESTERN ASIA,NO DATA,INGRESO ALTO,
PAK,PAKISTAN,ASIA,SOUTHERN ASIA,NO DATA,PAÍSES DE INGRESO MEDIANO BAJO,
PAN,PANAMA,AMERICAS,LATIN AMERICA AND THE CARIBBEAN,CENTRAL AMERICA,INGRESO ALTO,
PER,PERU,AMERICAS,LATIN AMERICA AND THE CARIBBEAN,SOUTH AMERICA,INGRESO MEDIANO ALTO,
PHL,PHILIPPINES,ASIA,SOUTH-EASTERN ASIA,NO DATA,PAÍSES DE INGRESO MEDIANO BAJO,
PLW,PALAU,OCEANIA,MICRONESIA,NO DATA,INGRESO ALTO,
PNG,PAPUA NEW GUINEA,OCEANIA,MELANESIA,NO DATA,PAÍSES DE INGRESO MEDIANO BAJO,
POL,POLAND,EUROPE,EASTERN EUROPE,NO DATA,INGRESO ALTO,
PRI,PUERTO RICO,AMERICAS,LATIN AMERICA AND THE CARIBBEAN,CARIBBEAN,INGRESO ALTO,
PRK,KOREA (DEMOCRATIC PEOPLE'S REPUBLIC OF),ASIA,EASTERN ASIA,NO DATA,PAÍSES DE INGRESO BAJO,
PRT,PORTUGAL,EUROPE,SOUTHERN EUROPE,NO DATA,INGRESO ALTO,
PRY,PARAGUAY,AMERICAS,LATIN AMERICA AND THE CARIBBEAN,SOUTH AMERICA,INGRESO MEDIANO ALTO,
PSE,"PALESTINE, STATE OF",ASIA,WESTERN ASIA,NO DATA,PAÍSES DE INGRESO MEDIANO BAJO,
PYF,FRENCH POLYNESIA,OCEANIA,POLYNESIA,NO DATA,INGRESO ALTO,
QAT,QATAR,ASIA,WESTERN ASIA,NO DATA,INGRESO ALTO,
ROU,ROMANIA,EUROPE,EASTERN EUROPE,NO DATA,INGRESO ALTO,
RUS,RUSSIAN FEDERATION,EUROPE,EASTERN EUROPE,NO DATA,INGRESO ALTO,
RWA,RWANDA,AFRICA,SUB-SAHARAN AFRICA,EASTERN AFRICA,PAÍSES DE INGRESO BAJO,
SAU,SAUDI ARABIA,ASIA,WESTERN ASIA,NO DATA,INGRESO ALTO,
SDN,SUDAN,AFRICA,NORTHERN AFRICA,NO DATA,PAÍSES DE INGRESO BAJO,
SEN,SENEGAL,AFRICA,SUB-SAHARAN AFRICA,WESTERN AFRICA,PAÍSES DE INGRESO MEDIANO BAJO,
SGP,SINGAPORE,ASIA,SOUTH-EASTERN ASIA,NO DATA,INGRESO ALTO,
SLB,SOLOMON ISLANDS,OCEANIA,MELANESIA,NO DATA,PAÍSES DE INGRESO MEDIANO BAJO,
SLE,SIERRA LEONE,AFRICA,SUB-SAHARAN AFRICA,WESTERN AFRICA,PAÍSES DE INGRESO BAJO,
SLV,EL SALVADOR,AMERICAS,LATIN AMERICA AND THE CARIBBEAN,CENTRAL AMERICA,INGRESO MEDIANO ALTO,
SMR,SAN MARINO,EUROPE,SOUTHERN EUROPE,NO DATA,INGRESO ALTO,
SOM,SOMALIA,AFRICA,SUB-SAHARAN AFRICA,EASTERN AFRICA,PAÍSES DE INGRESO BAJO,
SRB,SERBIA,EUROPE,SOUTHERN EUROPE,NO DATA,INGRESO MEDIANO ALTO,
SSD,SOUTH SUDAN,AFRICA,SUB-SAHARAN AFRICA,EASTERN AFRICA,PAÍSES DE INGRESO BAJO,
STP,SAO TOME AND PRINCIPE,AFRICA,SUB-SAHARAN AFRICA,MIDDLE AFRICA,PAÍSES DE INGRESO MEDIANO BAJO,
SUR,SURINAME,AMERICAS,LATIN AMERICA AND THE CARIBBEAN,SOUTH AMERICA,INGRESO MEDIANO ALTO,
SVK,SLOVAKIA,EUROPE,EASTERN EUROPE,NO DATA,INGRESO ALTO,
SVN,SLOVENIA,EUROPE,SOUTHERN EUROPE,NO DATA,INGRESO ALTO,
SWE,SWEDEN,EUROPE,NORTHERN EUROPE,NO DATA,INGRESO ALTO,
SWZ,ESWATINI,AFRICA,SUB-SAHARAN AFRICA,SOUTHERN AFRICA,PAÍSES DE INGRESO MEDIANO BAJO,
SXM,SINT MAARTEN (DUTCH PART),AMERICAS,LATIN AMERICA AND THE CARIBBEAN,CARIBBEAN,INGRESO ALTO,
SYC,SEYCHELLES,AFRICA,SUB-SAHARAN AFRICA,EASTERN AFRICA,INGRESO ALTO,
SYR,SYRIAN ARAB REPUBLIC,ASIA,WESTERN ASIA,NO DATA,PAÍSES DE INGRESO BAJO,
TCA,TURKS AND CAICOS ISLANDS,AMERICAS,LATIN AMERICA AND THE CARIBBEAN,CARIBBEAN,INGRESO ALTO,
TCD,CHAD,AFRICA,SUB-SAHARAN AFRICA,MIDDLE AFRICA,PAÍSES DE INGRESO BAJO,
TGO,TOGO,AFRICA,SUB-SAHARAN AFRICA,WESTERN AFRICA,PAÍSES DE INGRESO BAJO,
THA,THAILAND,ASIA,SOUTH-EASTERN ASIA,NO DATA,INGRESO MEDIANO ALTO,
TJK,TAJIKISTAN,ASIA,CENTRAL ASIA,NO DATA,PAÍSES DE INGRESO MEDIANO BAJO,
TKM,TURKMENISTAN,ASIA,CENTRAL ASIA,NO DATA,INGRESO MEDIANO ALTO,
TLS,TIMOR-LESTE,ASIA,SOUTH-EASTERN ASIA,NO DATA,PAÍSES DE INGRESO MEDIANO BAJO,
TON,TONGA,OCEANIA,POLYNESIA,NO DATA,INGRESO MEDIANO ALTO,
TTO,TRINIDAD AND TOBAGO,AMERICAS,LATIN AMERICA AND THE CARIBBEAN,CARIBBEAN,INGRESO ALTO,
TUN,TUNISIA,AFRICA,NORTHERN AFRICA,NO DATA,PAÍSES DE INGRESO MEDIANO BAJO,
TUR,TURKEY,ASIA,WESTERN ASIA,NO DATA,INGRESO MEDIANO ALTO,
TUV,TUVALU,OCEANIA,POLYNESIA,NO DATA,INGRESO MEDIANO ALTO,
TZA,"TANZANIA, UNITED REPUBLIC OF",AFRICA,SUB-SAHARAN AFRICA,EASTERN AFRICA,PAÍSES DE INGRESO MEDIANO BAJO,
UGA,UGANDA,AFRICA,SUB-SAHARAN AFRICA,EASTERN AFRICA,PAÍSES DE INGRESO BAJO,
UKR,UKRAINE,EUROPE,EASTERN EUROPE,NO DATA,INGRESO MEDIANO ALTO,
URY,URUGUAY,AMERICAS,LATIN AMERICA AND THE CARIBBEAN,SOUTH AMERICA,INGRESO ALTO,
USA,UNITED STATES OF AMERICA,AMERICAS,NORTHERN AMERICA,NO DATA,INGRESO ALTO,
UZB,UZBEKISTAN,ASIA,CENTRAL ASIA,NO DATA,PAÍSES DE INGRESO MEDIANO BAJO,
VCT,SAINT VINCENT AND THE GRENADINES,AMERICAS,LATIN AMERICA AND THE CARIBBEAN,CARIBBEAN,INGRESO MEDIANO ALTO,
VEN,VENEZUELA (BOLIVARIAN REPUBLIC OF),AMERICAS,LATIN AMERICA AND THE CARIBBEAN,SOUTH AMERICA,NO CLASIFICADO,
VGB,VIRGIN ISLANDS (BRITISH),AMERICAS,LATIN AMERICA AND THE CARIBBEAN,CARIBBEAN,INGRESO ALTO,
VIR,VIRGIN ISLANDS (U.S.),AMERICAS,LATIN AMERICA AND THE CARIBBEAN,CARIBBEAN,INGRESO ALTO,
VNM,VIET NAM,ASIA,SOUTH-EASTERN ASIA,NO DATA,PAÍSES DE INGRESO MEDIANO BAJO,
VUT,VANUATU,OCEANIA,MELANESIA,NO DATA,PAÍSES DE INGRESO MEDIANO BAJO,
WSM,SAMOA,OCEANIA,POLYNESIA,NO DATA,PAÍSES DE INGRESO MEDIANO BAJO,
YEM,YEMEN,ASIA,WESTERN ASIA,NO DATA,PAÍSES DE INGRESO BAJO,
ZAF,SOUTH AFRICA,AFRICA,SUB-SAHARAN AFRICA,SOUTHERN AFRICA,INGRESO MEDIANO ALTO,
ZMB,ZAMBIA,AFRICA,SUB-SAHARAN AFRICA,EASTERN AFRICA,PAÍSES DE INGRESO MEDIANO BAJO,
ZWE,ZIMBABWE,AFRICA,SUB-SAHARAN AFRICA,EASTERN AFRICA,PAÍSES DE INGRESO MEDIANO BAJO,
AFE,,NO DATA,,,AGREGADOS,
AFW,,NO DATA,,,AGREGADOS,
ARB,,NO DATA,,,AGREGADOS,EL MUNDO ÁRABE
CEB,,NO DATA,,,AGREGADOS,EUROPA CENTRAL Y DEL BÁLTICO
CHI,,NO DATA,,,INGRESO ALTO,ISLAS DEL CANAL
CSS,,NO DATA,,,AGREGADOS,ESTADOS PEQUEOS DEL CARIBE
EAP,,NO DATA,,,AGREGADOS,ASIA ORIENTAL Y EL PACÍFICO (EXCLUIDO ALTOS INGRESOS)
EAR,,NO DATA,,,AGREGADOS,INICIAL DEL DIVIDENDO DEMOGRÁFICO
EAS,,NO DATA,,,AGREGADOS,ASIA ORIENTAL Y EL PACÍFICO
ECA,,NO DATA,,,AGREGADOS,EUROPA Y ASIA CENTRAL (EXCLUIDO ALTOS INGRESOS)
ECS,,NO DATA,,,AGREGADOS,EUROPA Y ASIA CENTRAL
EMU,,NO DATA,,,AGREGADOS,ZONA DEL EURO
EUU,,NO DATA,,,AGREGADOS,UNIÓN EUROPEA
FCS,,NO DATA,,,AGREGADOS,FRÁGILES Y SITUACIONES DE CONFLICTO AFECTADOS
HIC,,NO DATA,,,AGREGADOS,INGRESO ALTO
HPC,,NO DATA,,,AGREGADOS,PAÍSES POBRES MUY ENDEUDADOS (PPME)
IBD,,NO DATA,,,AGREGADOS,SÓLO BIRF
IBT,,NO DATA,,,AGREGADOS,BIRF Y LA AIF
IDA,,NO DATA,,,AGREGADOS,TOTAL DE LA AIF
IDB,,NO DATA,,,AGREGADOS,MEZCLA DE LA AIF
IDX,,NO DATA,,,AGREGADOS,SÓLO AIF
INX,,NO DATA,,,AGREGADOS,NO CLASIFICADO
LAC,,NO DATA,,,AGREGADOS,AMÉRICA LATINA Y EL CARIBE (EXCLUIDO ALTOS INGRESOS)
LCN,,NO DATA,,,AGREGADOS,AMÉRICA LATINA Y EL CARIBE
LDC,,NO DATA,,,AGREGADOS,PAÍSES MENOS DESARROLLADOS: CLASIFICACIÓN DE LAS NACIONES UNIDAS
LIC,,NO DATA,,,AGREGADOS,PAÍSES DE INGRESO BAJO
LMC,,NO DATA,,,AGREGADOS,PAÍSES DE INGRESO MEDIANO BAJO
LMY,,NO DATA,,,AGREGADOS,INGRESO MEDIANO Y BAJO
LTE,,NO DATA,,,AGREGADOS,AVANZADA DEL DIVIDENDO DEMOGRÁFICO
MEA,,NO DATA,,,AGREGADOS,ORIENTE MEDIO Y NORTE DE ÁFRICA
MIC,,NO DATA,,,AGREGADOS, INGRESO MEDIANO
MNA,,NO DATA,,,AGREGADOS,ORIENTE MEDIO Y NORTE DE ÁFRICA (EXCLUIDO ALTOS INGRESOS)
NAC,,NO DATA,,,AGREGADOS,AMÉRICA DEL NORTE
OED,,NO DATA,,,AGREGADOS,MIEMBROS OCDE
OSS,,NO DATA,,,AGREGADOS,OTROS ESTADOS PEQUEOS
PRE,,NO DATA,,,AGREGADOS,PREVIA AL DIVIDENDO DEMOGRÁFICO
PSS,,NO DATA,,,AGREGADOS,ESTADOS PEQUEOS DE LAS ISLAS DEL PACFICO
PST,,NO DATA,,,AGREGADOS,POSTERIOR AL DIVIDENDO DEMOGRÁFICO
SAS,,NO DATA,,,AGREGADOS,ASIA MERIDIONAL
SSA,,NO DATA,,,AGREGADOS,ÁFRICA AL SUR DEL SAHARA (EXCLUIDO ALTOS INGRESOS)
SSF,,NO DATA,,,AGREGADOS,ÁFRICA AL SUR DEL SAHARA
SST,,NO DATA,,,AGREGADOS,PEQUEÑOS ESTADOS
TEA,,NO DATA,,,AGREGADOS,ASIA ORIENTAL Y EL PACÍFICO (BIRF Y LA AIF)
TEC,,NO DATA,,,AGREGADOS,EUROPA Y ASIA CENTRAL (BIRF Y LA AIF)
TLA,,NO DATA,,,AGREGADOS,AMÉRICA LATINA Y EL CARIBE (BIRF Y LA AIF)
TMN,,NO DATA,,,AGREGADOS,ORIENTE MEDIO Y NORTE DE ÁFRICA (BIRF Y LA AIF)
TSA,,NO DATA,,,AGREGADOS,ASIA MERIDIONAL (BIRF Y LA AIF)
TSS,,NO DATA,,,AGREGADOS,ÁFRICA AL SUR DEL SAHARA (BIRF Y LA AIF)
UMC,,NO DATA,,,AGREGADOS,INGRESO MEDIANO ALTO
WLD,,NO DATA,,,AGREGADOS,MUNDO
XKX,,EUROPA Y ASIA CENTRAL (EXCLUIDO ALTOS INGRESOS),,,INGRESO MEDIANO ALTO,KOSOVO
AFG,AFGANISTAN,ASIA MERIDIONAL,SOUTHERN ASIA,,,
ALB,ALBANIA,EUROPA Y ASIA CENTRAL (EXCLUIDO ALTOS INGRESOS),SOUTHERN EUROPE,,,
DEU,ALEMANIA,,WESTERN EUROPE,,,
AND,ANDORRA,,SOUTHERN EUROPE,,,
AGO,ANGOLA,ÁFRICA AL SUR DEL SAHARA (EXCLUIDO ALTOS INGRESOS),SUB-SAHARAN AFRICA,MIDDLE AFRICA,,
ATG,ANTIGUA Y BARBUDA,,LATIN AMERICA AND THE CARIBBEAN,CARIBBEAN,,
SAU,ARABIA SAUDITA,,WESTERN ASIA,,,
DZA,ARGELIA,ORIENTE MEDIO Y NORTE DE ÁFRICA (EXCLUIDO ALTOS INGRESOS),NORTHERN AFRICA,,,
ARG,ARGENTINA,AMÉRICA LATINA Y EL CARIBE (EXCLUIDO ALTOS INGRESOS),LATIN AMERICA AND THE CARIBBEAN,SOUTH AMERICA,,
ARM,ARMENIA,EUROPA Y ASIA CENTRAL (EXCLUIDO ALTOS INGRESOS),WESTERN ASIA,,,
ABW,ARUBA,,LATIN AMERICA AND THE CARIBBEAN,CARIBBEAN,,
AUS,AUSTRALIA,,AUSTRALIA AND NEW ZEALAND,,,
AUT,AUSTRIA,,WESTERN EUROPE,,,
AZE,AZERBAIYAN,EUROPA Y ASIA CENTRAL (EXCLUIDO ALTOS INGRESOS),WESTERN ASIA,,,
BHS,BAHAMAS,,LATIN AMERICA AND THE CARIBBEAN,CARIBBEAN,,
BHR,BAHREIN,,WESTERN ASIA,,,
BGD,BANGLADESH,ASIA MERIDIONAL,SOUTHERN ASIA,,,
BRB,BARBADOS,,LATIN AMERICA AND THE CARIBBEAN,CARIBBEAN,,
BLR,BELARUS,EUROPA Y ASIA CENTRAL (EXCLUIDO ALTOS INGRESOS),EASTERN EUROPE,,,
BEL,BELGICA,,WESTERN EUROPE,,,
BLZ,BELICE,AMÉRICA LATINA Y EL CARIBE (EXCLUIDO ALTOS INGRESOS),LATIN AMERICA AND THE CARIBBEAN,CENTRAL AMERICA,,
BEN,BENIN,ÁFRICA AL SUR DEL SAHARA (EXCLUIDO ALTOS INGRESOS),SUB-SAHARAN AFRICA,WESTERN AFRICA,,
BMU,BERMUDAS,,NORTHERN AMERICA,,,
BTN,BHUTAN,ASIA MERIDIONAL,SOUTHERN ASIA,,,
BOL,BOLIVIA,AMÉRICA LATINA Y EL CARIBE (EXCLUIDO ALTOS INGRESOS),LATIN AMERICA AND THE CARIBBEAN,SOUTH AMERICA,,
BIH,BOSNIA Y HERZEGOVINA,EUROPA Y ASIA CENTRAL (EXCLUIDO ALTOS INGRESOS),SOUTHERN EUROPE,,,
BWA,BOTSWANA,ÁFRICA AL SUR DEL SAHARA (EXCLUIDO ALTOS INGRESOS),SUB-SAHARAN AFRICA,SOUTHERN AFRICA,,
BRA,BRASIL,AMÉRICA LATINA Y EL CARIBE (EXCLUIDO ALTOS INGRESOS),LATIN AMERICA AND THE CARIBBEAN,SOUTH AMERICA,,
BRN,BRUNEI DARUSSALAM,,SOUTH-EASTERN ASIA,,,
BGR,BULGARIA,,EASTERN EUROPE,,,
BFA,BURKINA FASO,ÁFRICA AL SUR DEL SAHARA (EXCLUIDO ALTOS INGRESOS),SUB-SAHARAN AFRICA,WESTERN AFRICA,,
BDI,BURUNDI,ÁFRICA AL SUR DEL SAHARA (EXCLUIDO ALTOS INGRESOS),SUB-SAHARAN AFRICA,EASTERN AFRICA,,
CPV,CABO VERDE,ÁFRICA AL SUR DEL SAHARA (EXCLUIDO ALTOS INGRESOS),SUB-SAHARAN AFRICA,WESTERN AFRICA,,
KHM,CAMBOYA,ASIA ORIENTAL Y EL PACÍFICO (EXCLUIDO ALTOS INGRESOS),SOUTH-EASTERN ASIA,,,
CMR,CAMERUN,ÁFRICA AL SUR DEL SAHARA (EXCLUIDO ALTOS INGRESOS),SUB-SAHARAN AFRICA,MIDDLE AFRICA,,
CAN,CANADA,,NORTHERN AMERICA,,,
TCD,CHAD,ÁFRICA AL SUR DEL SAHARA (EXCLUIDO ALTOS INGRESOS),SUB-SAHARAN AFRICA,MIDDLE AFRICA,,
CHL,CHILE,,LATIN AMERICA AND THE CARIBBEAN,SOUTH AMERICA,,
CHN,CHINA,ASIA ORIENTAL Y EL PACÍFICO (EXCLUIDO ALTOS INGRESOS),EASTERN ASIA,,,
CYP,CHIPRE,,WESTERN ASIA,,,
COL,COLOMBIA,AMÉRICA LATINA Y EL CARIBE (EXCLUIDO ALTOS INGRESOS),LATIN AMERICA AND THE CARIBBEAN,SOUTH AMERICA,,
COM,COMORAS,ÁFRICA AL SUR DEL SAHARA (EXCLUIDO ALTOS INGRESOS),SUB-SAHARAN AFRICA,EASTERN AFRICA,,
COG,"CONGO, REPUBLICA DEL",ÁFRICA AL SUR DEL SAHARA (EXCLUIDO ALTOS INGRESOS),SUB-SAHARAN AFRICA,MIDDLE AFRICA,,
COD,"CONGO, REPUBLICA DEMOCRATICA DEL",ÁFRICA AL SUR DEL SAHARA (EXCLUIDO ALTOS INGRESOS),SUB-SAHARAN AFRICA,MIDDLE AFRICA,,
KOR,"COREA, REPUBLICA DE",,EASTERN ASIA,,,
PRK,"COREA, REPUBLICA POPULAR DEMOCRATICA DE",ASIA ORIENTAL Y EL PACÍFICO (EXCLUIDO ALTOS INGRESOS),EASTERN ASIA,,,
CRI,COSTA RICA,AMÉRICA LATINA Y EL CARIBE (EXCLUIDO ALTOS INGRESOS),LATIN AMERICA AND THE CARIBBEAN,CENTRAL AMERICA,,
CIV,COTE D'IVOIRE,ÁFRICA AL SUR DEL SAHARA (EXCLUIDO ALTOS INGRESOS),SUB-SAHARAN AFRICA,WESTERN AFRICA,,
HRV,CROACIA,,SOUTHERN EUROPE,,,
CUB,CUBA,AMÉRICA LATINA Y EL CARIBE (EXCLUIDO ALTOS INGRESOS),LATIN AMERICA AND THE CARIBBEAN,CARIBBEAN,,
CUW,CURACAO,,LATIN AMERICA AND THE CARIBBEAN,CARIBBEAN,,
DNK,DINAMARCA,,NORTHERN EUROPE,,,
DJI,DJIBOUTI,ORIENTE MEDIO Y NORTE DE ÁFRICA (EXCLUIDO ALTOS INGRESOS),SUB-SAHARAN AFRICA,EASTERN AFRICA,,
DMA,DOMINICA,AMÉRICA LATINA Y EL CARIBE (EXCLUIDO ALTOS INGRESOS),LATIN AMERICA AND THE CARIBBEAN,CARIBBEAN,,
ECU,ECUADOR,AMÉRICA LATINA Y EL CARIBE (EXCLUIDO ALTOS INGRESOS),LATIN AMERICA AND THE CARIBBEAN,SOUTH AMERICA,,
EGY,"EGIPTO, REPUBLICA ARABE DE",ORIENTE MEDIO Y NORTE DE ÁFRICA (EXCLUIDO ALTOS INGRESOS),NORTHERN AFRICA,,,
SLV,EL SALVADOR,AMÉRICA LATINA Y EL CARIBE (EXCLUIDO ALTOS INGRESOS),LATIN AMERICA AND THE CARIBBEAN,CENTRAL AMERICA,,
ARE,EMIRATOS ARABES UNIDOS,,WESTERN ASIA,,,
ERI,ERITREA,ÁFRICA AL SUR DEL SAHARA (EXCLUIDO ALTOS INGRESOS),SUB-SAHARAN AFRICA,EASTERN AFRICA,,
SVN,ESLOVENIA,,SOUTHERN EUROPE,,,
ESP,ESPANA,,SOUTHERN EUROPE,,,
USA,ESTADOS UNIDOS,,NORTHERN AMERICA,,,
EST,ESTONIA,,NORTHERN EUROPE,,,
SWZ,ESWATINI,ÁFRICA AL SUR DEL SAHARA (EXCLUIDO ALTOS INGRESOS),SUB-SAHARAN AFRICA,SOUTHERN AFRICA,,
ETH,ETIOPIA,ÁFRICA AL SUR DEL SAHARA (EXCLUIDO ALTOS INGRESOS),SUB-SAHARAN AFRICA,EASTERN AFRICA,,
RUS,FEDERACION DE RUSIA,,EASTERN EUROPE,,,
FJI,FIJI,ASIA ORIENTAL Y EL PACÍFICO (EXCLUIDO ALTOS INGRESOS),MELANESIA,,,
PHL,FILIPINAS,ASIA ORIENTAL Y EL PACÍFICO (EXCLUIDO ALTOS INGRESOS),SOUTH-EASTERN ASIA,,,
FIN,FINLANDIA,,NORTHERN EUROPE,,,
FRA,FRANCIA,,WESTERN EUROPE,,,
GAB,GABON,ÁFRICA AL SUR DEL SAHARA (EXCLUIDO ALTOS INGRESOS),SUB-SAHARAN AFRICA,MIDDLE AFRICA,,
GMB,GAMBIA,ÁFRICA AL SUR DEL SAHARA (EXCLUIDO ALTOS INGRESOS),SUB-SAHARAN AFRICA,WESTERN AFRICA,,
GEO,GEORGIA,EUROPA Y ASIA CENTRAL (EXCLUIDO ALTOS INGRESOS),WESTERN ASIA,,,
GHA,GHANA,ÁFRICA AL SUR DEL SAHARA (EXCLUIDO ALTOS INGRESOS),SUB-SAHARAN AFRICA,WESTERN AFRICA,,
GIB,GIBRALTAR,,SOUTHERN EUROPE,,,
GRD,GRANADA,AMÉRICA LATINA Y EL CARIBE (EXCLUIDO ALTOS INGRESOS),LATIN AMERICA AND THE CARIBBEAN,CARIBBEAN,,
GRC,GRECIA,,SOUTHERN EUROPE,,,
GRL,GROENLANDIA,,NORTHERN AMERICA,,,
GUM,GUAM,,MICRONESIA,,,
GTM,GUATEMALA,AMÉRICA LATINA Y EL CARIBE (EXCLUIDO ALTOS INGRESOS),LATIN AMERICA AND THE CARIBBEAN,CENTRAL AMERICA,,
GIN,GUINEA,ÁFRICA AL SUR DEL SAHARA (EXCLUIDO ALTOS INGRESOS),SUB-SAHARAN AFRICA,WESTERN AFRICA,,
GNQ,GUINEA ECUATORIAL,ÁFRICA AL SUR DEL SAHARA (EXCLUIDO ALTOS INGRESOS),SUB-SAHARAN AFRICA,MIDDLE AFRICA,,
GNB,GUINEA-BISSAU,ÁFRICA AL SUR DEL SAHARA (EXCLUIDO ALTOS INGRESOS),SUB-SAHARAN AFRICA,WESTERN AFRICA,,
GUY,GUYANA,,LATIN AMERICA AND THE CARIBBEAN,SOUTH AMERICA,,
HTI,HAITI,AMÉRICA LATINA Y EL CARIBE (EXCLUIDO ALTOS INGRESOS),LATIN AMERICA AND THE CARIBBEAN,CARIBBEAN,,
HND,HONDURAS,AMÉRICA LATINA Y EL CARIBE (EXCLUIDO ALTOS INGRESOS),LATIN AMERICA AND THE CARIBBEAN,CENTRAL AMERICA,,
HKG,"HONG KONG, REGION ADMINISTRATIVA ESPECIAL",,EASTERN ASIA,,,
HUN,HUNGRIA,,EASTERN EUROPE,,,
IND,INDIA,ASIA MERIDIONAL,SOUTHERN ASIA,,,
IDN,INDONESIA,ASIA ORIENTAL Y EL PACÍFICO (EXCLUIDO ALTOS INGRESOS),SOUTH-EASTERN ASIA,,,
IRN,"IRAN, REPUBLICA ISLAMICA DEL",ORIENTE MEDIO Y NORTE DE ÁFRICA (EXCLUIDO ALTOS INGRESOS),SOUTHERN ASIA,,,
IRQ,IRAQ,ORIENTE MEDIO Y NORTE DE ÁFRICA (EXCLUIDO ALTOS INGRESOS),WESTERN ASIA,,,
IRL,IRLANDA,,NORTHERN EUROPE,,,
IMN,ISLA DE MAN,,NORTHERN EUROPE,,,
MAF,ISLA DE SAN MARTIN (PARTE FRANCESA),,LATIN AMERICA AND THE CARIBBEAN,CARIBBEAN,,
ISL,ISLANDIA,,NORTHERN EUROPE,,,
CYM,ISLAS CAIMAN,,LATIN AMERICA AND THE CARIBBEAN,CARIBBEAN,,
FRO,ISLAS FEROE,,NORTHERN EUROPE,,,
MHL,ISLAS MARSHALL,ASIA ORIENTAL Y EL PACÍFICO (EXCLUIDO ALTOS INGRESOS),MICRONESIA,,,
SLB,ISLAS SALOMON,ASIA ORIENTAL Y EL PACÍFICO (EXCLUIDO ALTOS INGRESOS),MELANESIA,,,
TCA,ISLAS TURCAS Y CAICOS,,LATIN AMERICA AND THE CARIBBEAN,CARIBBEAN,,
VIR,ISLAS VIRGENES (EE.UU.),,LATIN AMERICA AND THE CARIBBEAN,CARIBBEAN,,
VGB,ISLAS VIRGENES BRITANICAS,,LATIN AMERICA AND THE CARIBBEAN,CARIBBEAN,,
ISR,ISRAEL,,WESTERN ASIA,,,
ITA,ITALIA,,SOUTHERN EUROPE,,,
JAM,JAMAICA,AMÉRICA LATINA Y EL CARIBE (EXCLUIDO ALTOS INGRESOS),LATIN AMERICA AND THE CARIBBEAN,CARIBBEAN,,
JPN,JAPON,,EASTERN ASIA,,,
JOR,JORDANIA,ORIENTE MEDIO Y NORTE DE ÁFRICA (EXCLUIDO ALTOS INGRESOS),WESTERN ASIA,,,
KAZ,KAZAJSTAN,EUROPA Y ASIA CENTRAL (EXCLUIDO ALTOS INGRESOS),CENTRAL ASIA,,,
KEN,KENYA,ÁFRICA AL SUR DEL SAHARA (EXCLUIDO ALTOS INGRESOS),SUB-SAHARAN AFRICA,EASTERN AFRICA,,
KGZ,KIRGUISTAN,EUROPA Y ASIA CENTRAL (EXCLUIDO ALTOS INGRESOS),CENTRAL ASIA,,,
KIR,KIRIBATI,ASIA ORIENTAL Y EL PACÍFICO (EXCLUIDO ALTOS INGRESOS),MICRONESIA,,,
KWT,KUWAIT,,WESTERN ASIA,,,
LSO,LESOTHO,ÁFRICA AL SUR DEL SAHARA (EXCLUIDO ALTOS INGRESOS),SUB-SAHARAN AFRICA,SOUTHERN AFRICA,,
LVA,LETONIA,,NORTHERN EUROPE,,,
LBN,LIBANO,ORIENTE MEDIO Y NORTE DE ÁFRICA (EXCLUIDO ALTOS INGRESOS),WESTERN ASIA,,,
LBR,LIBERIA,ÁFRICA AL SUR DEL SAHARA (EXCLUIDO ALTOS INGRESOS),SUB-SAHARAN AFRICA,WESTERN AFRICA,,
LBY,LIBIA,ORIENTE MEDIO Y NORTE DE ÁFRICA (EXCLUIDO ALTOS INGRESOS),NORTHERN AFRICA,,,
LIE,LIECHTENSTEIN,,WESTERN EUROPE,,,
LTU,LITUANIA,,NORTHERN EUROPE,,,
LUX,LUXEMBURGO,,WESTERN EUROPE,,,
MKD,MACEDONIA DEL NORTE,EUROPA Y ASIA CENTRAL (EXCLUIDO ALTOS INGRESOS),SOUTHERN EUROPE,,,
MDG,MADAGASCAR,ÁFRICA AL SUR DEL SAHARA (EXCLUIDO ALTOS INGRESOS),SUB-SAHARAN AFRICA,EASTERN AFRICA,,
MYS,MALASIA,ASIA ORIENTAL Y EL PACÍFICO (EXCLUIDO ALTOS INGRESOS),SOUTH-EASTERN ASIA,,,
MWI,MALAWI,ÁFRICA AL SUR DEL SAHARA (EXCLUIDO ALTOS INGRESOS),SUB-SAHARAN AFRICA,EASTERN AFRICA,,
MDV,MALDIVAS,ASIA MERIDIONAL,SOUTHERN ASIA,,,
MLI,MALI,ÁFRICA AL SUR DEL SAHARA (EXCLUIDO ALTOS INGRESOS),SUB-SAHARAN AFRICA,WESTERN AFRICA,,
MLT,MALTA,,SOUTHERN EUROPE,,,
MNP,MARIANA,,MICRONESIA,,,
MAR,MARRUECOS,ORIENTE MEDIO Y NORTE DE ÁFRICA (EXCLUIDO ALTOS INGRESOS),NORTHERN AFRICA,,,
MUS,MAURICIO,ÁFRICA AL SUR DEL SAHARA (EXCLUIDO ALTOS INGRESOS),SUB-SAHARAN AFRICA,EASTERN AFRICA,,
MRT,MAURITANIA,ÁFRICA AL SUR DEL SAHARA (EXCLUIDO ALTOS INGRESOS),SUB-SAHARAN AFRICA,WESTERN AFRICA,,
MEX,MEXICO,AMÉRICA LATINA Y EL CARIBE (EXCLUIDO ALTOS INGRESOS),LATIN AMERICA AND THE CARIBBEAN,CENTRAL AMERICA,,
FSM,MICRONESIA (ESTADOS FEDERADOS DE),ASIA ORIENTAL Y EL PACÍFICO (EXCLUIDO ALTOS INGRESOS),MICRONESIA,,,
MCO,MONACO,,WESTERN EUROPE,,,
MNG,MONGOLIA,ASIA ORIENTAL Y EL PACÍFICO (EXCLUIDO ALTOS INGRESOS),EASTERN ASIA,,,
MNE,MONTENEGRO,EUROPA Y ASIA CENTRAL (EXCLUIDO ALTOS INGRESOS),SOUTHERN EUROPE,,,
MOZ,MOZAMBIQUE,ÁFRICA AL SUR DEL SAHARA (EXCLUIDO ALTOS INGRESOS),SUB-SAHARAN AFRICA,EASTERN AFRICA,,
MMR,MYANMAR,ASIA ORIENTAL Y EL PACÍFICO (EXCLUIDO ALTOS INGRESOS),SOUTH-EASTERN ASIA,,,
NAM,NAMIBIA,ÁFRICA AL SUR DEL SAHARA (EXCLUIDO ALTOS INGRESOS),SUB-SAHARAN AFRICA,SOUTHERN AFRICA,,
NRU,NAURU,,MICRONESIA,,,
NPL,NEPAL,ASIA MERIDIONAL,SOUTHERN ASIA,,,
NIC,NICARAGUA,AMÉRICA LATINA Y EL CARIBE (EXCLUIDO ALTOS INGRESOS),LATIN AMERICA AND THE CARIBBEAN,CENTRAL AMERICA,,
NER,NIGER,ÁFRICA AL SUR DEL SAHARA (EXCLUIDO ALTOS INGRESOS),SUB-SAHARAN AFRICA,WESTERN AFRICA,,
NGA,NIGERIA,ÁFRICA AL SUR DEL SAHARA (EXCLUIDO ALTOS INGRESOS),SUB-SAHARAN AFRICA,WESTERN AFRICA,,
NOR,NORUEGA,,NORTHERN EUROPE,,,
NCL,NUEVA CALEDONIA,,MELANESIA,,,
NZL,NUEVA ZELANDIA,,AUSTRALIA AND NEW ZEALAND,,,
OMN,OMAN,,WESTERN ASIA,,,
NLD,PAISES BAJOS,,WESTERN EUROPE,,,
PAK,PAKISTAN,ASIA MERIDIONAL,SOUTHERN ASIA,,,
PLW,PALAU,,MICRONESIA,,,
PAN,PANAMA,,LATIN AMERICA AND THE CARIBBEAN,CENTRAL AMERICA,,
PNG,PAPUA NUEVA GUINEA,ASIA ORIENTAL Y EL PACÍFICO (EXCLUIDO ALTOS INGRESOS),MELANESIA,,,
PRY,PARAGUAY,AMÉRICA LATINA Y EL CARIBE (EXCLUIDO ALTOS INGRESOS),LATIN AMERICA AND THE CARIBBEAN,SOUTH AMERICA,,
PER,PERU,AMÉRICA LATINA Y EL CARIBE (EXCLUIDO ALTOS INGRESOS),LATIN AMERICA AND THE CARIBBEAN,SOUTH AMERICA,,
PYF,POLINESIA FRANCESA,,POLYNESIA,,,
POL,POLONIA,,EASTERN EUROPE,,,
PRT,PORTUGAL,,SOUTHERN EUROPE,,,
PRI,PUERTO RICO,,LATIN AMERICA AND THE CARIBBEAN,CARIBBEAN,,
QAT,QATAR,,WESTERN ASIA,,,
MAC,"REGION ADMINISTRATIVA ESPECIAL DE MACAO, CHINA",,EASTERN ASIA,,,
GBR,REINO UNIDO,,NORTHERN EUROPE,,,
SYR,REPUBLICA ARABE SIRIA,ORIENTE MEDIO Y NORTE DE ÁFRICA (EXCLUIDO ALTOS INGRESOS),WESTERN ASIA,,,
CAF,REPUBLICA CENTROAFRICANA,ÁFRICA AL SUR DEL SAHARA (EXCLUIDO ALTOS INGRESOS),SUB-SAHARAN AFRICA,MIDDLE AFRICA,,
CZE,REPUBLICA CHECA,,EASTERN EUROPE,,,
MDA,REPUBLICA DE MOLDOVA,EUROPA Y ASIA CENTRAL (EXCLUIDO ALTOS INGRESOS),EASTERN EUROPE,,,
LAO,REPUBLICA DEMOCRATICA POPULAR LAO,ASIA ORIENTAL Y EL PACÍFICO (EXCLUIDO ALTOS INGRESOS),SOUTH-EASTERN ASIA,,,
DOM,REPUBLICA DOMINICANA,AMÉRICA LATINA Y EL CARIBE (EXCLUIDO ALTOS INGRESOS),LATIN AMERICA AND THE CARIBBEAN,CARIBBEAN,,
SVK,REPUBLICA ESLOVACA,,EASTERN EUROPE,,,
PSE,RIBERA OCCIDENTAL Y GAZA,ORIENTE MEDIO Y NORTE DE ÁFRICA (EXCLUIDO ALTOS INGRESOS),WESTERN ASIA,,,
ROU,RUMANIA,,EASTERN EUROPE,,,
RWA,RWANDA,ÁFRICA AL SUR DEL SAHARA (EXCLUIDO ALTOS INGRESOS),SUB-SAHARAN AFRICA,EASTERN AFRICA,,
KNA,SAINT KITTS Y NEVIS,,LATIN AMERICA AND THE CARIBBEAN,CARIBBEAN,,
WSM,SAMOA,ASIA ORIENTAL Y EL PACÍFICO (EXCLUIDO ALTOS INGRESOS),POLYNESIA,,,
ASM,SAMOA AMERICANA,,POLYNESIA,,,
SMR,SAN MARINO,,SOUTHERN EUROPE,,,
VCT,SAN VICENTE Y LAS GRANADINAS,AMÉRICA LATINA Y EL CARIBE (EXCLUIDO ALTOS INGRESOS),LATIN AMERICA AND THE CARIBBEAN,CARIBBEAN,,
LCA,SANTA LUCIA,AMÉRICA LATINA Y EL CARIBE (EXCLUIDO ALTOS INGRESOS),LATIN AMERICA AND THE CARIBBEAN,CARIBBEAN,,
STP,SANTO TOME Y PRINCIPE,ÁFRICA AL SUR DEL SAHARA (EXCLUIDO ALTOS INGRESOS),SUB-SAHARAN AFRICA,MIDDLE AFRICA,,
SEN,SENEGAL,ÁFRICA AL SUR DEL SAHARA (EXCLUIDO ALTOS INGRESOS),SUB-SAHARAN AFRICA,WESTERN AFRICA,,
SRB,SERBIA,EUROPA Y ASIA CENTRAL (EXCLUIDO ALTOS INGRESOS),SOUTHERN EUROPE,,,
SYC,SEYCHELLES,,SUB-SAHARAN AFRICA,EASTERN AFRICA,,
SLE,SIERRA LEONA,ÁFRICA AL SUR DEL SAHARA (EXCLUIDO ALTOS INGRESOS),SUB-SAHARAN AFRICA,WESTERN AFRICA,,
SGP,SINGAPUR,,SOUTH-EASTERN ASIA,,,
SXM,SINT MAARTEN (DUTCH PART),,LATIN AMERICA AND THE CARIBBEAN,CARIBBEAN,,
SOM,SOMALIA,ÁFRICA AL SUR DEL SAHARA (EXCLUIDO ALTOS INGRESOS),SUB-SAHARAN AFRICA,EASTERN AFRICA,,
LKA,SRI LANKA,ASIA MERIDIONAL,SOUTHERN ASIA,,,
ZAF,SUDAFRICA,ÁFRICA AL SUR DEL SAHARA (EXCLUIDO ALTOS INGRESOS),SUB-SAHARAN AFRICA,SOUTHERN AFRICA,,
SDN,SUDAN,ÁFRICA AL SUR DEL SAHARA (EXCLUIDO ALTOS INGRESOS),NORTHERN AFRICA,,,
SSD,SUDAN DEL SUR,ÁFRICA AL SUR DEL SAHARA (EXCLUIDO ALTOS INGRESOS),SUB-SAHARAN AFRICA,EASTERN AFRICA,,
SWE,SUECIA,,NORTHERN EUROPE,,,
CHE,SUIZA,,WESTERN EUROPE,,,
SUR,SURINAME,AMÉRICA LATINA Y EL CARIBE (EXCLUIDO ALTOS INGRESOS),LATIN AMERICA AND THE CARIBBEAN,SOUTH AMERICA,,
THA,TAILANDIA,ASIA ORIENTAL Y EL PACÍFICO (EXCLUIDO ALTOS INGRESOS),SOUTH-EASTERN ASIA,,,
TZA,TANZANIA,ÁFRICA AL SUR DEL SAHARA (EXCLUIDO ALTOS INGRESOS),SUB-SAHARAN AFRICA,EASTERN AFRICA,,
TJK,TAYIKISTAN,EUROPA Y ASIA CENTRAL (EXCLUIDO ALTOS INGRESOS),CENTRAL ASIA,,,
TLS,TIMOR-LESTE,ASIA ORIENTAL Y EL PACÍFICO (EXCLUIDO ALTOS INGRESOS),SOUTH-EASTERN ASIA,,,
TGO,TOGO,ÁFRICA AL SUR DEL SAHARA (EXCLUIDO ALTOS INGRESOS),SUB-SAHARAN AFRICA,WESTERN AFRICA,,
TON,TONGA,ASIA ORIENTAL Y EL PACÍFICO (EXCLUIDO ALTOS INGRESOS),POLYNESIA,,,
TTO,TRINIDAD Y TOBAGO,,LATIN AMERICA AND THE CARIBBEAN,CARIBBEAN,,
TUN,TUNEZ,ORIENTE MEDIO Y NORTE DE ÁFRICA (EXCLUIDO ALTOS INGRESOS),NORTHERN AFRICA,,,
TKM,TURKMENISTAN,EUROPA Y ASIA CENTRAL (EXCLUIDO ALTOS INGRESOS),CENTRAL ASIA,,,
TUR,TURQUIA,EUROPA Y ASIA CENTRAL (EXCLUIDO ALTOS INGRESOS),WESTERN ASIA,,,
TUV,TUVALU,ASIA ORIENTAL Y EL PACÍFICO (EXCLUIDO ALTOS INGRESOS),POLYNESIA,,,
UKR,UCRANIA,EUROPA Y ASIA CENTRAL (EXCLUIDO ALTOS INGRESOS),EASTERN EUROPE,,,
UGA,UGANDA,ÁFRICA AL SUR DEL SAHARA (EXCLUIDO ALTOS INGRESOS),SUB-SAHARAN AFRICA,EASTERN AFRICA,,
URY,URUGUAY,,LATIN AMERICA AND THE CARIBBEAN,SOUTH AMERICA,,
UZB,UZBEKISTAN,EUROPA Y ASIA CENTRAL (EXCLUIDO ALTOS INGRESOS),CENTRAL ASIA,,,
VUT,VANUATU,ASIA ORIENTAL Y EL PACÍFICO (EXCLUIDO ALTOS INGRESOS),MELANESIA,,,
VEN,VENEZUELA,,LATIN AMERICA AND THE CARIBBEAN,SOUTH AMERICA,,
VNM,VIET NAM,ASIA ORIENTAL Y EL PACÍFICO (EXCLUIDO ALTOS INGRESOS),SOUTH-EASTERN ASIA,,,
YEM,"YEMEN, REP. DEL",ORIENTE MEDIO Y NORTE DE ÁFRICA (EXCLUIDO ALTOS INGRESOS),WESTERN ASIA,,,
ZMB,ZAMBIA,ÁFRICA AL SUR DEL SAHARA (EXCLUIDO ALTOS INGRESOS),SUB-SAHARAN AFRICA,EASTERN AFRICA,,
ZWE,ZIMBABWE,ÁFRICA AL SUR DEL SAHARA (EXCLUIDO ALTOS INGRESOS),SUB-SAHARAN AFRICA,EASTERN AFRICA,,
